ID,Electricity_Consumption_AC
191220,2.1868958
174111,1.3807967
614605,2.1706216
865325,1.8438499
134921,2.0947855
180720,1.8175989
651968,2.1482353
267316,2.6841412
991959,2.5071194
708804,2.763321
579384,2.7806454
197846,2.29193
254484,2.3469496
171827,2.3412313
447490,1.7460494
447976,2.0181649
649077,2.4055429
133824,2.163548
281731,2.2155952
260809,1.9882735
653632,2.1625197
577075,1.8566202
293036,2.0152323
226880,2.2494423
425240,2.541204
193846,1.7632462
462767,1.6405766
777330,2.0210347
481771,2.16481
235525,2.231272
702877,2.8695216
449226,1.8008054
309095,2.227832
769779,1.6237904
600798,1.3843279
415604,2.1764524
275867,2.4478376
785630,2.3216748
326736,2.4608614
751681,2.0494382
984268,1.5666131
174608,1.4581128
889545,2.5387542
182619,2.510314
856311,2.3908858
678602,2.650163
419901,2.0214689
937865,1.9374238
352942,1.7545686
326788,1.8937798
108181,2.3561578
865070,1.9364569
383162,2.6134083
874009,2.3638446
792447,1.9602729
943509,2.080559
109052,2.5302594
440883,1.9469309
453374,1.8431597
650789,2.3523002
940205,1.930268
988490,2.4699476
830511,2.5975356
360151,2.4970453
495374,1.9049385
777775,1.940551
307427,1.8096519
277823,1.8274826
330362,2.164365
884535,2.010911
472500,1.5278413
838913,1.8692875
632799,2.3961117
950784,2.2474647
783176,2.4779956
710838,2.3211873
742763,2.6407564
185028,1.5869766
926954,1.8327795
397804,2.1102133
188578,2.1081827
946126,2.2068853
217008,2.259758
696727,1.7504706
521775,2.1324286
941910,1.5987463
668922,1.6470705
654048,2.4788828
578676,1.9781905
709442,2.1037478
503138,2.1037116
427260,2.9586506
923060,1.8272601
363992,2.819511
977778,2.1595623
274917,2.2377484
415153,1.9933735
332211,1.5861895
553869,2.4099314
603651,1.9669728
904557,1.8771098
701885,1.8172894
113542,1.919557
802145,2.3924959
191746,1.6783707
478254,1.8141541
514220,1.9851551
818056,2.7560537
261162,2.3927243
916851,2.0012434
815483,2.1713512
848644,2.7778063
533852,1.6764805
707033,2.4143531
127752,1.7716079
415971,1.994919
857890,2.664083
768445,1.708257
560253,2.0388823
450838,1.8771905
528739,2.7570765
818672,2.1063085
937651,2.181247
907189,2.2405944
645195,2.374681
490344,2.4083667
166251,2.0915005
661556,2.2227225
130691,1.7935941
150632,2.3118153
691912,2.501211
738632,2.3611956
659527,1.643464
402916,2.0731807
724127,2.0423996
458621,1.9436208
251986,2.1818106
830389,2.0123997
604307,1.6435813
133934,1.9941763
992028,1.7008249
268050,1.8012584
580988,1.8676555
935684,2.215199
258997,2.4693935
462677,1.799615
639180,2.350289
158394,1.6474093
674653,2.4717422
268522,2.2229135
731730,2.2496285
931747,1.8974541
232983,1.9150395
385370,2.449835
646271,2.0032864
882462,2.0533502
537409,2.5802484
468615,1.6569366
258661,1.9493335
776643,2.4794052
125168,1.977088
913859,2.3500557
855842,1.7531468
943059,1.5699494
921764,2.27962
497072,1.8799717
819168,1.967445
135303,2.5834818
961955,2.5913742
389991,2.2248657
305420,2.362467
654505,1.8686799
139203,1.7825698
154374,2.8076015
376832,2.4462273
875570,2.13435
485050,2.181263
984398,1.8147231
930622,1.9091673
955055,2.336053
636550,1.9371945
959759,2.004871
365809,1.8027446
931005,1.9801142
716129,2.332078
848785,2.1156604
577140,2.2879927
663763,1.9822624
373619,2.2551649
950693,2.5168028
620672,2.0963702
807504,2.460992
850631,1.9322735
934331,2.2564201
464609,2.4761095
443230,2.491559
344994,1.9968346
209058,2.0223424
870802,1.860876
761835,2.2143455
838095,1.9861284
651961,2.2971272
824636,1.4774522
933126,2.0404422
833926,2.15164
872747,2.044903
429410,1.9924982
959398,2.0587268
130675,2.1469512
920095,1.5595645
911156,2.2630732
610835,2.1215327
686684,2.099701
226914,1.8758596
126261,1.5932528
289245,1.7945389
288718,2.1808758
515976,1.7688626
904859,2.161652
521379,2.3354223
553590,2.301594
101101,2.1124744
493493,2.3250659
770811,1.7332001
289229,1.9020492
225389,2.066161
783319,1.9832869
498790,2.4438071
946002,2.0957181
442455,2.4902928
809649,2.708562
640885,1.9551278
930226,2.246481
341964,3.0016131
663538,1.7431452
870680,2.6734726
601319,2.175442
979030,1.7733155
927263,1.6874416
771545,1.1893617
639674,2.3631978
750867,2.3558114
841732,2.5343575
242661,1.9835556
113705,2.2774076
501066,1.8878025
298358,2.4939997
909985,2.6857998
958867,2.2187152
455824,2.0614202
669580,2.05556
441321,2.584217
219016,2.3686285
937621,2.4634058
918387,2.420152
304651,2.2023678
150457,2.5692358
647003,2.343986
803916,1.7306678
311641,2.050448
756804,2.4807265
734870,2.239253
134125,1.8807358
874681,2.2740128
153639,1.716554
717621,2.112428
844311,2.1243048
804668,2.5732732
330950,1.5748339
910920,1.4401338
328451,2.1374605
528857,2.1651278
908627,2.291505
946931,1.8567282
877255,2.0366945
913227,1.8397373
362431,2.563501
467731,1.9921143
356287,2.3412087
996814,1.8617169
968320,2.7955003
949868,1.749703
975169,2.2000537
848848,2.006973
211750,2.2153594
470214,2.3286736
912520,1.6237621
840239,2.439005
489156,2.0649018
794389,1.3285657
836099,2.3365428
160905,2.0473857
752682,1.7139423
539265,2.339605
832940,1.559016
296131,1.6365649
890630,1.5827905
441443,2.4104164
363668,1.9906347
719623,2.1157196
918988,1.8090551
494690,2.3092387
234220,2.1665456
360006,2.2700536
937122,1.8272642
163268,2.0513701
111191,1.9250299
291319,1.70373
480305,1.9693321
608720,2.298941
813008,1.7812924
903791,1.9205253
573181,2.3706868
480966,2.3586783
551397,2.4192104
704216,1.819
381127,2.0058174
935107,2.1827216
160562,2.4528897
529300,2.6437955
169479,2.1101024
229075,1.7780896
182739,1.6674929
177852,2.0215073
643492,2.6086435
413714,1.6506791
152759,2.3455377
926538,2.0147452
116720,1.1065791
637424,1.7642704
940471,2.0103927
159272,1.7817879
886174,1.3726687
284492,1.6029295
752156,2.3202498
166735,1.9354396
859160,1.7365574
185250,2.411829
363155,2.3215652
840757,1.8668522
812506,2.695163
749727,1.6893133
152555,2.1257355
867479,2.0871513
965115,2.3520706
771830,2.055886
193761,1.489307
332351,1.4321187
641131,2.4614322
723227,1.7118696
562818,2.3844903
531771,2.3640885
145011,2.2938285
449348,1.786098
382290,2.1067073
132163,2.066458
216887,1.8450769
493022,2.15165
262660,2.3955536
851680,2.0001001
676927,2.1812608
579160,2.375566
181390,2.6427598
961557,2.0222178
695398,1.0390779
167506,2.2598524
287360,2.1182976
188728,2.3845599
556121,2.1582859
788729,1.8000134
525190,1.3940862
135763,2.0301478
238740,2.5016248
795626,2.1113873
894079,2.3902745
278087,2.1238487
426544,2.538015
486969,1.7218201
558885,2.0045593
553838,2.8271966
918093,2.055413
854065,2.3264709
778031,2.7840824
539057,1.9592309
743444,2.7244043
158011,1.5790702
380776,2.3531
984511,2.3299017
407723,2.8444374
562526,2.1776652
474988,2.441547
139398,2.0251288
510136,1.9893712
340444,2.1159296
997480,2.4112122
753276,2.5742733
320550,1.6523999
454673,2.3698373
140057,1.8042576
385520,2.2062325
981258,1.7663524
850815,1.9306271
965346,2.3237894
367035,2.233165
567724,1.9634355
794746,2.4454837
204464,2.011745
986486,1.66743
317812,2.0741007
373552,1.623592
296535,1.8699229
137443,2.2173073
644734,1.8161533
113364,2.0809162
419311,2.3603692
734312,2.2251177
301868,1.8656452
442303,2.2202444
220335,1.6828351
721664,1.875771
160073,1.9624202
858635,2.791472
296302,2.0398142
205821,2.9416947
257897,1.809167
779524,2.2865176
962177,1.8425293
468132,2.9052331
835772,2.1677978
591991,1.751137
627544,1.7297014
836347,2.3878932
440406,1.5705202
470683,2.3195398
796994,2.2457516
523851,2.2028155
383425,1.9813075
427462,2.0966127
695698,1.7940367
748523,2.0822814
131496,2.5408535
378486,1.9131187
712469,2.1401956
332700,2.0109336
468213,1.5379771
112634,2.1172316
380455,2.386993
626104,1.6926444
676383,1.9596143
700410,2.1047626
122676,2.2602928
798849,1.7981898
108834,2.6969118
996931,2.0325456
535116,1.9527861
923848,2.2215466
931824,2.0832117
930782,1.9039961
356432,2.2952838
595220,2.5209386
861292,2.385506
573025,2.8019223
996378,1.4200112
507069,1.5376925
779471,1.6683737
319010,2.0103726
688166,2.1543128
124926,1.7873067
617499,1.7943747
662664,1.9436402
256452,2.4670055
389892,2.2588193
121118,2.0422099
831552,1.7907413
648840,2.1478686
386064,2.4867997
598660,1.9909481
383710,1.8131642
492341,1.7454597
833852,2.0261283
425409,2.2346363
509406,1.9722902
875601,2.1116385
929266,2.0861194
392604,2.1860116
219365,1.8325087
576070,1.7122002
906004,1.7153606
767614,1.704542
309881,2.388667
595136,1.9907995
555828,2.0151186
771777,1.7653847
890086,2.1979253
922141,2.2086852
528048,1.5234528
780134,1.8328476
937198,2.8527036
881849,2.0426161
428477,1.8617285
399575,2.4604368
773967,1.5141505
522790,2.094547
104526,2.0511966
252788,1.9714214
561810,2.133598
866322,2.6043718
611088,1.7047377
502101,2.4737172
312122,2.2684681
493233,1.8184421
743038,1.8997626
368037,2.8120234
882630,3.0670567
940164,2.208975
880222,1.798334
273122,2.061208
448987,1.9958185
840141,2.7332704
682167,1.7121387
546811,2.5764365
300168,2.0341156
507898,1.5372117
418377,2.5130901
701798,2.1063852
872512,2.0613317
345826,2.3994284
743247,2.4284253
423018,2.070993
656817,1.9043415
647624,1.805809
651386,2.2628133
258674,2.5623808
292458,1.9554338
905756,2.3769112
130367,2.3325284
400914,2.6614873
661804,2.3339233
648139,2.2171814
491231,2.448491
809799,1.9771911
225704,2.2436986
281860,2.3966143
832830,2.2491486
166663,2.4411433
282948,2.173331
319825,1.7044467
153278,2.3378978
268324,2.4560368
424895,2.5143862
852838,2.1602583
341418,1.9906217
985696,1.9457583
829621,1.6700928
428936,1.9431849
602739,2.085068
812585,2.0659606
839145,2.7373233
482091,2.3685048
527565,1.5881574
467856,2.1726258
824387,2.3199987
427622,1.7666217
288510,2.5139046
263008,2.227651
677991,2.0364995
830606,1.654774
422588,2.1773505
787807,2.8215148
523236,2.4488556
242913,2.6390035
109908,1.499138
128456,1.6699771
621616,2.1405432
295674,2.8683784
698238,1.8706759
775479,1.9217879
725115,1.7753862
950010,2.1278872
147725,3.1285439
616086,1.8786919
483998,1.4237351
802032,1.8034137
223270,1.8759831
101212,2.0076187
816280,2.5153027
609712,2.35595
622527,1.7270014
613190,2.255085
568130,2.0291402
878820,2.0599515
882705,2.2697742
758124,2.9610415
715943,1.7905053
954491,2.4001446
992319,1.9294981
292856,2.0579162
722436,2.525797
657077,2.327029
963455,1.7488159
680832,1.9652992
632079,1.8256888
779043,2.1811776
255484,2.2754426
661959,2.2246883
624831,2.1679387
320877,2.810103
148420,2.3162344
736260,1.995028
711692,2.3495119
928369,2.398284
848737,2.176646
659036,2.0099056
823018,2.5706756
821264,1.8537704
808049,2.0867043
367647,1.9248456
974636,2.6479664
126409,1.847679
642900,2.527584
786294,2.3526387
546115,1.9133077
445670,1.8895608
462871,2.3645492
473386,2.2039812
786218,1.5723443
641467,2.1694744
792316,2.0032284
952749,1.6992761
109332,1.480447
911858,2.2481086
681579,2.5538874
140588,1.9964352
912110,1.8640492
198485,1.3444005
217915,1.771628
728715,2.5692072
160052,1.6752644
724552,2.4630268
430752,1.5346054
329765,1.8185784
547413,2.5730276
588773,2.289009
123129,1.6861975
509949,1.9087411
701387,1.4893025
555548,2.1036472
759115,1.9944947
944519,2.420824
584298,2.453892
830134,3.0200896
451241,2.0750003
177108,1.9211401
470672,1.6602272
984987,2.3092892
185165,2.5043416
403394,1.852375
692122,2.081354
201236,1.537522
354632,2.5894575
380320,2.177064
102912,1.607987
155447,1.7989334
480471,2.1563363
126025,1.7348149
396228,2.3937986
871312,1.8201841
234911,1.7884917
811786,1.6939839
701019,1.8644197
939614,2.8836741
148201,1.7989883
792669,2.0412147
142195,2.1727066
383416,2.01845
677776,2.420861
595330,1.9746475
620790,2.0669682
482693,2.1665246
293949,2.4787621
291812,2.6365263
544544,1.7939456
411158,1.9203672
274456,2.8344936
367635,1.7017219
314720,2.0425556
438548,2.278451
128325,2.4566712
831466,2.2140818
444794,2.4247625
514916,1.9176676
693216,2.2120113
736734,1.7791044
827682,2.0347984
716119,1.8288788
975837,1.6667072
765051,1.5712417
975669,2.7560112
117787,2.126514
556636,2.0165317
779421,1.540996
532338,1.8217692
358618,1.7346317
176501,1.9216362
179132,1.7951968
612820,2.5876284
804254,1.7828987
377009,2.027966
388318,2.224995
720072,1.9838269
999009,2.5665786
128539,1.5184506
308210,2.7390518
128394,2.182957
568605,1.6834311
490054,2.0829444
833096,1.887001
483849,1.7955511
276654,2.681105
546979,2.154681
149974,1.8448858
137978,1.7307394
106769,1.9313781
808186,1.9244908
729332,1.6584849
693700,2.1260178
518702,2.2834034
716086,2.0829828
188951,2.276282
963673,2.4540656
746355,2.132532
412148,2.2620213
577826,2.2102528
875195,2.3711128
524360,1.8256859
541983,1.7202361
560081,1.6188716
419822,1.5871848
676510,2.1569383
413732,2.0273187
145798,1.3766247
509066,1.5984267
569242,1.9370047
655355,1.7229362
223094,2.2283318
770011,2.297326
835114,2.6464667
619847,2.0581465
995681,2.5886014
872003,2.248602
305803,2.452626
112569,2.6971934
879854,1.7942464
316622,2.660999
713565,1.6695316
690371,1.5292591
431083,2.4619043
815584,2.0467708
779094,2.5191622
818583,1.9063269
146245,2.2192073
888388,2.46175
766225,2.143545
529669,2.5701356
980725,1.668416
999474,2.1488836
418250,2.3174024
232587,2.4648814
256920,2.4372807
318270,1.9730353
495178,2.2025757
609817,1.2222291
803371,1.5741128
155073,2.5131755
639613,1.8139856
498285,2.1191418
578499,2.2932992
428939,2.4597702
198166,2.2266803
496653,1.9499875
241251,1.6391037
320028,1.8207965
806135,2.0138214
750140,1.9876934
192561,2.4113638
852674,2.0626266
889533,2.5531063
660800,2.1035972
486863,1.9464086
262224,2.0536585
175949,1.6244317
381055,1.9006495
801632,1.6622593
590206,1.4673489
473535,2.0278866
536657,2.1635091
119132,2.6370327
441584,1.6594667
556642,1.9707129
946107,1.6708026
650415,2.1844103
135538,1.576223
299729,2.188492
626421,1.4419886
600256,1.7219906
741996,2.1946683
967312,1.9655277
278821,1.9654095
146427,2.0781982
908461,2.6232579
918728,1.6357992
167206,1.8879511
627463,2.0406437
718965,2.2099254
922439,2.2985408
232117,1.9165535
429350,2.2201257
799578,2.3603802
219966,2.445687
855066,1.9249979
792018,2.092338
418584,2.1598363
705576,2.295341
171185,1.7234502
261251,1.6677719
301791,1.6111997
689877,2.7572834
248756,1.4930879
800887,2.4935472
295453,2.551694
585030,1.5770658
722861,2.379198
321886,1.858275
153932,2.200395
382106,2.8865361
363637,1.9198062
595756,2.593095
237216,2.3024738
198789,1.6419748
655435,1.3725791
161317,2.2218256
418539,2.5824962
930032,1.5064741
750629,2.0405378
470451,2.2401853
190105,1.7905681
190905,2.7091992
486900,1.8627589
109527,1.8138236
156084,2.9104407
349189,2.2539403
484204,1.7676497
696983,1.772307
355188,2.0268006
842822,2.330837
605497,1.610573
835238,1.8343958
619100,1.951563
521622,2.120316
970766,2.3244123
651828,2.3570743
341239,2.4387805
741251,2.250857
275644,1.9098169
860550,2.6147075
703677,2.4872549
545487,2.014166
295376,1.7897484
792586,2.4900768
265313,3.117421
358604,2.0803
908504,2.2981045
460295,1.9464263
362942,2.3946495
708534,2.0510929
255316,1.896844
314046,2.4977887
160927,1.9994127
206970,2.3662791
539862,2.0756903
302885,2.529929
805097,1.7757573
419693,2.6014862
835372,2.4651327
414420,2.0837631
187042,2.1395495
634446,1.8925359
315728,2.626764
804829,2.4734557
637616,2.2008696
168830,2.179843
884096,2.3637605
990847,1.9312265
823051,1.9280871
110103,2.013086
375856,1.9182125
252316,1.7370541
981695,1.7904128
703853,2.2349706
813974,1.830734
978805,1.8532963
994944,2.085761
319951,2.2623641
764993,1.9666381
972380,2.2026727
555321,2.833277
697958,2.682702
170113,2.3175445
318774,1.7229394
713674,2.2510407
743915,2.3582308
461223,1.9050232
655924,2.045475
101387,2.013332
418037,1.9365678
282401,2.3094451
498080,2.2921941
948924,2.3956597
770798,2.4955065
587026,2.587514
117181,2.2475176
557086,1.5430562
687014,2.3582218
749802,2.5416
113663,1.454786
575406,2.6118026
363494,2.2569695
144040,2.0230386
694589,1.6360649
789637,1.8057063
279834,2.0225632
296000,2.711057
375583,2.5839164
999192,1.9125407
209252,1.7754694
876931,2.0135067
640417,2.9904032
434283,2.2707772
744303,2.7646093
841247,1.990531
275282,2.9871655
226306,1.8501695
268322,2.5908263
216680,2.472895
821172,2.0006313
228619,1.9002372
236178,1.9218396
269850,1.967152
227115,2.0346212
258959,1.5612025
703724,1.9753417
109647,1.5324033
333491,1.9611222
836148,1.5021619
596227,1.9065826
911002,2.2900314
612524,2.7113166
351486,2.6030557
866151,2.3332543
646144,2.4244943
586661,2.2678359
710188,2.358031
142690,1.9907905
913230,1.941347
411494,2.3416936
712292,1.7758951
615388,2.4836378
942375,2.128282
709320,2.5412903
201335,1.9931811
548258,2.0813022
993444,2.5357757
692585,2.471053
760379,1.6265123
995147,2.278796
252039,2.0733824
745266,2.3647547
317372,2.3560774
773652,1.91497
151659,1.7867689
726077,2.0474179
372702,1.8745842
219976,1.7766727
587535,2.4118001
750035,1.7029649
115261,2.0179825
618730,2.0246086
462826,1.8553177
588282,1.7753308
388530,1.534298
819757,1.8901519
206369,3.1374252
498968,2.2171612
696403,2.3541603
993606,2.1604285
386379,2.4956005
733349,2.5861268
617795,2.1008518
589271,2.070827
210515,2.607865
928643,1.5487303
219992,1.9529629
673051,2.0124912
350968,2.0497568
537056,2.0182698
251615,2.0827105
437301,1.8648053
763767,2.5091953
919102,1.562401
496560,2.2313488
916872,2.275665
717656,2.0894284
401816,1.7138691
137498,2.665911
138070,1.7360172
487336,2.434127
767421,1.9170512
711838,1.7637572
663966,2.290936
822694,1.898875
232885,2.6331558
290139,2.0515738
197816,2.2554774
309538,1.801034
415540,1.7990334
827742,1.9967048
146380,2.0677989
124138,1.807284
103219,1.6380018
820389,3.079689
856502,2.4527807
500219,2.650749
111221,2.452891
785481,2.2603097
471017,2.1375735
427302,2.1751933
102282,2.0651064
687887,2.1588576
447671,1.9401762
646681,2.0972533
666717,2.6412148
263190,1.6556726
575474,2.7586718
210304,2.0790842
880851,1.8188359
687909,1.4727023
440248,1.9533569
143080,1.9305817
605865,2.100445
916161,1.8728068
495400,2.7406998
242252,1.9452094
900389,2.09938
373100,1.8111333
503499,2.2050915
600741,1.8752569
129209,2.266998
640262,2.3546786
471148,2.289492
425160,2.2676587
199319,1.6618339
438860,2.2019246
274442,1.8585582
421904,1.6847289
256251,1.9081831
124668,2.5010908
774270,2.0253325
653077,2.2799182
326350,2.4029534
797397,1.422644
311392,1.7215973
672333,2.54316
258468,1.9316295
532295,2.1532307
569477,2.3614798
653888,2.6648738
281711,2.3960242
247557,2.215326
718435,1.9316099
790339,2.7168663
479000,2.068569
443370,1.8400313
290661,1.9756917
326098,1.9467719
820438,1.7841785
968005,1.9362475
926596,2.5718982
524423,2.3604448
660475,2.2285
111922,2.3932579
802234,2.2210062
482902,2.284025
558452,1.8010345
797127,2.0266232
154065,2.679125
701881,2.4004045
512345,1.8953353
396113,2.0062513
189793,2.3856316
210343,2.5923595
261906,2.2319577
434108,2.1085386
343096,2.277713
951850,2.5362961
492630,1.8508149
907211,1.9905732
788460,2.3036203
473871,2.2599444
932377,2.554126
469172,1.9164265
834073,2.5587122
749625,2.589761
411296,1.905958
475737,1.2350463
132866,2.3089614
926998,1.8536103
447163,2.6626914
206477,1.3356488
352687,2.0798726
419586,2.2254853
731733,2.2840436
218965,2.1037807
188649,2.3191807
487949,2.290733
401531,1.7593067
600989,2.2590232
991944,2.2296343
206462,2.3349857
290775,2.7708101
342412,1.5621034
246365,2.4982836
372947,2.0796494
981049,2.0002983
356981,2.4767718
119133,1.2741948
217581,2.6092358
610352,2.849209
528001,1.3101677
727544,2.1944835
163683,1.795841
531615,2.492441
757906,2.2453113
354522,1.8348815
853243,2.708568
234530,2.159654
290937,2.1453714
920531,1.9879535
606565,2.3015707
649845,2.6892643
789661,2.0916219
388302,2.135684
594700,2.255509
963213,1.6232338
742935,2.1918695
222403,2.2888157
893325,1.8853409
700385,2.2134166
312187,2.1984377
343887,2.4394276
323514,2.800144
904832,2.5261447
966592,1.6227753
552667,2.4484897
184860,1.9484318
379401,1.8807276
261332,1.7481204
441978,2.188624
305939,2.129434
513472,2.312924
154764,2.3611832
357015,2.3117976
896007,2.1817
308820,2.331426
176593,2.1793957
428333,2.4085016
356376,2.2003682
757990,2.1830108
452512,2.8717196
906875,1.6737163
156326,1.9270293
187280,2.073152
129944,2.2480724
708928,2.7007425
228261,2.415328
187076,1.8503351
339321,2.1370902
939022,1.5219514
696583,1.9893094
425054,2.0925336
723035,2.1767406
241771,2.2897513
423313,1.8728014
754395,2.0064635
731275,2.1907947
662375,2.003325
673094,1.8998824
787548,2.179205
399336,2.3187366
137750,2.282832
352402,2.780105
797467,1.8391383
151560,2.2934988
793073,2.146315
995112,2.1455553
685815,2.2986503
379995,2.4354944
388982,1.9375163
698906,2.2050824
588259,1.8607749
657376,2.4128804
314949,2.063085
740649,2.2973502
256963,1.9220724
788030,2.304608
598846,2.5087273
781456,2.0614402
193501,1.7703907
248050,2.4296405
621782,2.0209079
816564,2.1275537
735932,1.9278567
635539,2.6730382
236337,1.749982
560679,2.299026
427083,1.8642142
578294,2.0472293
160220,1.8707031
796174,2.9944487
355533,1.9964336
343669,2.028755
373274,2.5453918
903165,2.0322888
787074,2.0478086
178248,1.7478925
113908,1.4108479
814685,1.5395644
136028,2.3290737
320223,2.435988
165942,2.1169145
895126,2.481842
464003,2.40578
922974,2.026002
710118,1.0833286
853953,1.7496564
880825,2.4438014
428641,2.5142295
591015,1.883331
614360,2.208292
651373,2.0729508
237259,2.4464529
140612,2.1828847
736588,1.8911216
129825,2.1614707
812813,2.1404896
246711,1.9366122
304430,2.200581
379196,1.8377048
183851,2.4938452
713208,2.631005
282561,2.5816052
309300,1.7821183
404450,2.6163945
763597,2.1950202
494463,2.025335
445329,1.7899013
761097,2.5996006
632638,2.1978068
793071,2.1933546
156487,2.7165375
468029,1.8439206
958676,2.1312132
827383,2.04817
887247,1.5426955
285007,2.4170327
251327,2.382629
813736,2.6073244
554765,1.8953811
526336,2.1404583
780618,2.324573
974534,2.1217854
388829,2.6860816
723912,2.0143769
562728,1.9446954
350156,1.5635214
206851,1.6397979
756565,2.4008937
674782,2.0491261
177072,2.3987966
901091,2.2025023
539323,2.3994203
966817,1.6611382
655108,1.9514302
213709,2.0893984
712988,2.109626
396913,2.5057902
834561,1.987852
397269,2.4753964
999454,1.8917949
564031,2.0557237
264329,2.3571706
411339,2.0247889
856048,2.0131602
473336,1.8148713
165279,1.7525693
956587,2.1819766
946422,2.1295056
190525,2.4224067
932061,1.9331793
180122,2.809077
176466,2.047555
891278,2.0380137
460660,2.6515377
111629,2.1123502
325005,2.096947
225692,2.0835574
293757,2.386876
108685,2.3270743
751712,1.5397319
589057,2.0403316
110184,2.0079682
741230,1.7902472
136372,2.5297759
192551,1.6002085
164156,1.9665992
740610,1.3904247
860938,1.5311012
184940,2.5502687
468987,1.9979521
890226,2.474493
863688,3.0506177
547190,1.6554111
103984,2.382313
948457,1.8428776
508226,1.7410452
940709,2.079193
560194,2.1151702
612584,1.5066365
815247,2.7582197
107053,2.126062
439711,2.4711287
674570,2.0749314
830026,2.3969805
174740,1.9102796
754319,2.0210865
898584,2.4236522
728855,1.5724788
713914,2.6949842
718182,2.3454525
601471,2.426295
225355,2.2298472
347179,2.6675487
519644,2.1329327
314816,2.6416113
746111,1.4187094
281527,2.152878
546011,2.3428185
521656,2.1073275
140540,1.8224872
620428,1.7204387
900954,2.0746956
552784,1.8176641
953450,1.6148576
339557,1.8321499
377107,2.735643
452980,1.8904096
540025,2.6612852
873034,2.1957479
302305,1.837055
485898,2.2262359
686967,1.9979434
493551,2.1379323
921384,1.8141521
255343,1.8652941
221244,1.3320554
192840,1.5429176
687582,2.098664
768798,1.5782536
736058,1.9363635
182594,1.7152195
588524,1.9933336
476091,2.789186
940464,2.151619
390837,2.254759
152275,2.2535076
641668,2.545985
853236,2.4794898
951255,2.5758488
423522,1.8480207
908498,2.1794553
253040,2.1546636
168917,2.1308203
484103,1.870691
942726,2.360646
750622,1.9167243
396625,1.8028942
900813,2.148432
869672,2.8351111
131289,2.2170117
588402,2.0671203
638893,2.3260589
512678,2.197159
488178,2.4683611
333994,1.865178
418936,2.3300493
649784,2.1699502
556763,1.5641423
183450,1.995396
944809,2.0207722
663330,1.8776388
783153,1.7627913
176414,1.3196975
618250,2.8785498
570491,2.4665031
619541,2.365854
469376,1.9727161
175070,2.4634547
738346,2.5700371
884835,2.0424318
797440,3.0187747
315917,1.8788035
895914,1.846314
214992,2.3123286
441916,2.5221643
221059,1.9614359
985957,1.87844
414719,2.3994951
759341,2.6524868
517633,2.2598255
929686,2.631794
197603,2.0964353
460229,2.1020033
944861,2.1565886
511497,2.4789412
309382,1.7320492
769055,2.5088558
807383,1.764765
932317,2.0216722
334038,2.0363312
648948,2.1907318
539760,2.236152
680353,1.9792398
858176,1.6116108
902757,2.1973553
803688,1.8827797
121264,2.144808
634304,1.3173218
407904,2.1484368
110574,2.04716
224747,2.355434
443443,2.253237
598704,1.8440782
526555,1.9771509
845924,2.6221533
200201,2.1193244
958882,2.3551164
947813,2.0069566
619492,2.2804632
740242,1.9063016
865951,2.7400212
144702,1.9645708
284628,1.89685
446238,2.0699883
769093,1.6466839
194553,1.9595069
784958,2.4740849
359709,2.4756362
368076,1.9178809
754174,1.8642921
903573,1.2616296
548138,1.5792012
164614,1.8841976
639371,1.8644202
408489,1.7560384
127229,2.078106
405564,2.0376813
165959,1.6634218
250410,2.0333056
778856,1.9448061
355707,2.016295
928123,2.4949536
683087,2.1889508
923286,2.2810688
823404,2.4166071
901681,1.7181848
155326,1.7024908
139190,1.9650977
147135,1.4658412
132690,2.5848575
449933,2.5306206
772761,2.128819
822502,2.6494133
580715,1.4143596
331238,2.1501455
137347,2.3568714
650265,1.6360404
391454,2.590652
354167,1.929153
131518,2.176616
561380,1.7177651
177148,1.6897743
342940,1.6810222
589890,2.1904461
211156,2.2329957
341835,2.6562397
629047,3.0052645
920994,1.7870213
630593,2.1040576
191422,1.4418554
102790,2.3167493
622565,1.7161014
786892,1.9306114
163282,1.9257883
973614,2.3685484
312143,2.3702824
500778,2.5790162
685833,2.3993595
536729,2.6290796
561926,1.912916
786437,2.2554154
903897,2.4167314
635433,2.1535783
882133,1.7547694
532002,1.7930493
852710,2.355497
798722,1.3955384
782271,1.8590375
233848,2.5508003
158562,1.9025465
516921,2.0302854
603288,1.5426109
667259,1.9583788
210909,2.1581304
953856,2.4817383
480706,2.8883717
255903,2.2089407
882770,1.9936289
963024,1.8632762
831258,2.2599695
184019,2.386936
447173,2.011597
741117,2.613543
282290,1.8811319
635690,2.1447794
700108,1.9211062
922814,1.8403866
880056,2.0824192
633430,2.6251884
995463,2.2923262
752840,1.9810923
337733,1.8401068
665201,2.31858
381731,2.216624
467964,1.7275933
243184,1.5901904
723627,1.4755994
163255,2.1067863
268254,1.8390884
885115,2.174351
825499,1.7085148
330876,2.2530088
919690,2.0228302
244740,2.0918899
696186,2.7976227
296376,2.7514873
135996,2.7067723
470390,1.963141
605691,1.6680954
170688,2.2732556
137415,2.5460196
689827,2.533745
142115,1.977035
708198,2.4843736
157476,2.236394
785590,1.6438673
817493,1.577101
841892,2.0293703
721994,2.369424
563162,1.9288222
509294,1.9939475
809337,1.8865103
936391,1.7404052
475226,1.4584883
451868,2.1710482
783280,1.5201448
899613,2.1593902
469532,2.9385824
383147,1.8210245
207020,2.0248563
317063,2.499397
798231,2.6115203
263443,1.6971567
729532,1.9853107
271447,2.0411706
137425,2.9212677
795805,2.6897962
998537,2.5707126
289146,1.5100372
914530,1.5755905
220936,1.8554273
152693,2.3720644
481293,2.1226027
166157,1.9727434
690084,2.3811488
568176,2.1341085
327991,1.8703887
342568,1.7501128
198078,1.8551018
195552,1.980406
175556,1.7343075
401243,1.6948456
666736,2.6549287
562566,2.003814
445386,2.1516035
871074,2.0729485
582025,1.5395577
173824,2.0262022
535215,1.7341591
972038,2.4133534
640010,2.564983
119657,2.7496173
779962,2.1663961
392695,2.5878568
197423,2.277249
933420,2.6336164
362784,2.1203465
326565,2.5286415
234981,2.4994671
738460,2.0646248
995110,1.9613795
825761,2.4359558
922329,2.2894626
128740,1.7948732
184671,2.3825827
842820,2.3019722
332668,1.9393147
233219,2.0728362
317443,2.1824691
319282,1.7040453
510897,2.3963037
746284,2.2993078
658528,1.9943575
977417,2.226727
199497,2.0607705
804036,1.7372754
348858,2.3240905
553479,2.155558
742107,2.0415936
461072,1.7809619
985507,2.1431313
354836,2.5120912
226064,2.375729
638650,2.0410929
250638,2.0817215
462258,2.4755414
101341,1.556531
315323,1.6123128
727105,2.6237938
259383,2.2021668
628202,2.1402931
196987,1.96421
980533,2.0551746
908573,1.5811998
900690,1.6547002
843144,2.223911
814344,1.894468
935562,1.7793039
354618,1.5010269
560256,1.8093904
645744,1.7831528
293982,2.1039329
876000,2.0869243
427441,1.9283041
285638,2.4388978
425358,2.2574198
331838,1.9345651
241847,1.9696181
745240,1.8642802
767062,2.378879
979827,1.5957427
506435,1.9851708
631548,2.0643022
788381,2.1751974
108705,2.1741207
850173,2.575724
373639,2.4129193
670640,1.9903644
815141,2.3175776
618591,2.097429
970060,1.3292131
909977,2.5311337
717372,1.7771726
656213,2.4018788
672404,1.6956605
725574,1.7719672
776039,1.9837676
366511,2.2588968
251827,2.4022734
866472,2.1597393
354606,2.4621425
795087,1.5787178
829744,2.1500292
248738,2.3616507
399373,2.2146926
440680,1.2432711
680958,2.2145977
187725,2.0110016
734715,2.0574868
452446,2.1211476
411497,2.0476172
760117,2.1761415
579378,2.016665
297670,1.6216804
546854,2.0422916
735171,1.862412
510503,1.5215797
510393,1.6138875
696133,2.0102644
512929,1.6358436
575072,2.2902522
460191,1.5432256
284017,1.9423606
423344,1.8474647
785671,1.9672734
237599,2.3851447
315875,2.038111
353494,1.9256568
732142,1.9816871
694279,2.1567876
514143,2.3324776
838916,2.7060463
210568,2.141461
116065,2.2330253
978666,2.5333023
825150,2.0505733
641653,2.4112017
611625,1.638841
997342,1.6006596
962115,2.3212957
141621,1.7846286
375556,2.290656
449718,2.8227615
357434,2.3803365
830256,1.9449733
655717,2.8157094
658690,2.1789634
494862,1.9994088
893904,2.1393437
482632,2.5383196
314182,2.8196409
660883,3.275341
324427,1.8965945
714608,2.5717566
208681,2.6007438
213545,1.8954974
587828,2.2951972
671332,1.7871925
405861,1.9023832
188476,2.2825718
458627,2.58863
534482,1.946733
907328,1.7837827
179231,2.778563
225006,1.6842384
144741,2.0603232
179913,2.1633048
972064,2.3177688
810174,2.5560327
796463,2.5450485
809472,2.6586418
948489,2.021715
436925,2.1583622
475195,1.6206025
406108,1.9075462
476031,2.0471747
867604,2.363269
253569,2.5018404
972240,2.3492517
702022,2.1016154
674315,2.127246
517811,2.4272227
823467,2.6949492
867453,1.6057456
459619,2.184782
159238,1.666512
469028,2.1542015
666749,2.3234327
828205,2.2684176
153805,2.262049
923501,2.5475857
190959,2.4409125
850524,2.6005523
950778,2.0447173
476126,1.5488884
413110,2.2032557
130512,2.4233847
324855,2.6960645
886649,2.3609169
922496,1.7151259
670722,1.3931849
519353,2.0702603
835098,2.0439508
392973,2.731251
864891,2.6476574
305838,2.134879
339466,1.8897867
465372,2.5305457
380397,1.4581072
689577,1.3717641
903579,2.281185
978220,1.6729403
405498,1.9655858
706956,1.9681114
416270,2.1506467
664668,1.7896893
741000,1.72808
582929,1.8901666
196571,1.4880779
377902,2.0328496
639067,1.3903996
641887,2.3038366
350874,1.6800246
413598,1.8458534
937915,2.5925925
130345,2.5627418
504102,1.9500667
972164,2.157363
193619,1.9699043
420029,2.2515664
873728,2.1332178
302803,2.0686233
184072,1.9143488
804651,2.845935
508236,1.717972
432655,1.8834575
450932,2.4719245
114025,2.4028125
841674,2.6084495
882215,1.846418
816225,2.0442312
812733,2.6049187
626364,1.6807913
597800,1.7976322
372450,1.9006788
941306,1.8839397
444441,1.8549297
732760,2.211755
157696,1.9601251
197092,1.9644521
306068,2.7366586
218053,2.0931761
328642,2.008875
955951,1.9587922
773252,2.2282305
907896,2.3044271
997491,2.4769292
618988,1.7868091
553699,1.6888683
184835,2.488286
641944,1.9119271
858941,1.8825969
174895,1.9086213
128536,2.4865623
463614,2.3181062
287835,2.0020974
230421,1.841183
382713,2.7171667
550258,1.8296968
281242,1.8645356
563233,1.7942442
278613,2.4159687
418130,2.3033016
599732,2.5496123
213069,1.9008305
821193,1.6600928
405478,2.5113914
722448,1.5197732
706084,1.4958154
710334,2.0479407
923910,2.1679811
320059,2.033161
245910,1.8940479
744097,2.4139326
946247,1.9696646
905080,1.6526083
840042,1.9456491
600170,1.7016358
358434,1.9480331
355578,2.323686
300719,2.1876035
380296,2.3702853
655910,2.3812344
672834,2.2318034
959544,2.663476
650322,2.2758567
507530,2.0139241
255071,1.7399948
957028,3.0495384
340785,2.2088485
846227,2.6910555
214029,2.1141496
110612,1.942271
663857,1.6299733
119991,2.6044858
944638,2.1109684
379682,2.1379552
835057,2.1274092
545044,2.7239654
597576,1.9101094
183262,2.4348626
572434,2.1940794
370569,1.6868945
509306,1.8905311
336587,2.2886355
990008,2.4353905
488402,1.5716547
355241,2.4095006
474559,2.4705229
658123,2.2819846
853091,2.0260837
192375,2.2464082
903418,2.297462
824389,1.9280667
450767,2.3922749
172108,2.7679827
888387,1.7293144
189208,2.5369098
662232,2.1178215
645527,2.4184225
828187,1.7934356
147300,1.6977677
595239,1.6870443
163839,1.8744011
849494,2.2934148
465691,2.1970406
674318,2.1328356
979389,1.8168477
233063,1.4791596
206820,2.201569
997958,1.9119205
358853,2.984031
733780,2.1171138
567352,1.7586993
726142,1.9991528
875217,2.1742547
611550,2.051696
730618,2.3694654
713667,2.0092492
732358,1.3560405
710876,2.354852
485474,1.5167171
378788,1.7031498
515499,2.5899143
272435,2.3127046
560470,2.1530476
574822,2.2799046
273411,2.281993
873587,1.6397903
377796,1.9334626
748552,1.2608372
602580,2.2410886
485150,2.4383373
205720,2.32852
338438,1.9184723
169461,2.2917373
399650,1.8276025
568956,1.8537599
681317,1.8040493
644261,1.9816395
971776,1.7246842
441692,2.1572025
611817,2.2192552
478387,2.3251326
868816,2.4191465
498116,1.536079
536188,2.1240335
445823,1.9362799
538402,2.4741735
459938,2.2095463
235407,1.9363989
929502,2.4817817
942801,2.352765
891049,1.7037733
659003,1.5280437
613709,1.7169117
209613,2.2697725
598751,1.7624673
735386,2.0490496
888850,2.7602262
637353,2.108992
109004,1.5225592
202882,2.1981933
915984,2.0392876
539992,2.3761206
826561,1.7630804
766210,1.5936677
161393,2.5238054
273512,2.7774403
209657,2.269119
160924,2.1786861
109953,2.3150785
131867,1.8773111
118789,2.11994
444823,2.3815625
476616,2.3242316
780471,1.860242
386720,1.9677887
391862,2.5443587
609397,2.5033226
173295,1.4302573
117763,2.2368388
297063,1.7513351
244302,2.3757503
226358,2.1132307
985751,2.3630598
969522,1.6716367
713331,2.2636108
557283,2.563338
989326,3.0272086
837877,2.3722534
669396,2.415951
824577,2.1152508
246519,2.0263176
488062,1.8903062
928079,1.9169725
534768,1.8715111
453704,2.456001
672704,2.4089928
134629,1.4195489
393677,2.077738
247160,1.8329465
588477,1.6284862
401200,2.2140675
422331,2.3333774
940937,1.5714136
373573,2.1308897
172716,1.8427674
442889,2.0566547
163444,2.0090377
789631,2.4376307
267761,1.6582805
219337,2.2269278
723815,2.5962918
577372,1.6529281
778692,1.7359663
376134,1.9392476
155260,2.4451132
249600,2.0461717
337149,2.472199
924187,2.020573
414064,1.8158141
334005,1.8341829
456572,1.5594561
603407,2.4486625
997084,2.711223
779629,2.8641045
708978,1.5505569
419156,2.3189552
128871,2.589221
528455,2.1492064
411545,2.2965047
469329,2.1791096
600179,2.3028042
170224,1.8128697
412719,2.100415
567320,1.3551614
932148,2.2839837
592397,2.3164482
357449,1.9771411
563396,1.7234228
512679,1.7296034
134909,2.5571902
926532,2.526742
815829,1.672769
773948,2.6669505
607057,1.7594397
746738,1.5163519
871501,2.058604
274505,2.516225
847333,3.0406585
488645,2.129567
775588,1.6688926
236861,2.0834312
105369,1.8067126
312370,1.7777426
996683,2.5695834
561602,2.8371673
705761,2.303007
194728,1.870393
521487,2.0280948
628364,2.0718515
102614,1.5847055
168824,2.0076783
242275,2.1547797
507643,2.0863605
289610,2.052345
729483,1.9842186
781824,2.0842862
686970,1.8832477
131919,2.0690413
292939,2.0720437
120134,1.9154601
675953,2.452097
420691,2.3934877
118047,2.079815
537693,2.0443394
239786,2.6994438
326661,1.5841742
136897,2.33599
216006,1.9830889
793710,1.1504508
356647,1.5666983
327570,1.6071082
278706,2.3489337
833707,1.9827539
631557,1.458568
592580,2.408096
764573,2.3960617
371408,2.7770047
178395,2.21013
424362,1.8480198
457091,1.8984786
193483,2.2228305
904025,1.6946701
920107,1.7767862
107489,2.4945922
450810,1.9670677
612479,2.1098435
733486,2.2541285
529209,2.2831361
853806,2.2154717
964982,2.3417163
787730,2.0745459
542354,2.9512963
914593,1.7482481
858594,1.8306506
289182,2.139382
517468,2.2646382
543759,2.5279167
277622,2.755436
540961,2.0983272
400936,1.9969798
422175,1.9396646
728480,2.2654757
721183,1.984742
435352,2.1032968
856628,2.5653088
382543,1.3951069
118549,1.8362579
230819,2.0462759
252351,2.0641506
190918,2.4519532
998615,1.7906417
759916,1.8138785
679859,2.3204863
651048,2.6167967
123125,2.22298
304896,1.8312854
578070,2.0851185
835543,2.2428691
648602,2.2523668
483148,2.2491937
849501,2.145242
611848,1.9531301
281798,2.7315142
737268,2.2424603
255082,2.5411587
139117,1.9789971
706758,2.5943577
872924,1.8578105
821470,1.9028059
629321,1.8099188
535677,2.0900316
466906,2.3488178
101005,1.7676808
283552,2.2800004
528566,2.0332408
367271,1.8544965
687457,2.2463791
274055,1.8086246
738340,1.9190394
550328,2.2997413
732362,2.753234
327552,1.7985
783273,2.394761
541951,2.4184337
280820,2.5166886
934459,2.010326
794627,2.100632
620411,2.479883
339686,1.4958403
372222,1.6302782
875482,1.9903685
349759,1.5290166
876054,2.5660608
269197,2.813127
814534,1.6668872
122633,2.2653005
852392,1.8333304
537105,1.8662175
817552,1.7301707
994556,1.7161692
455814,1.7842302
942164,1.8789046
672243,1.9094993
816014,2.5925581
602437,1.3454868
710903,2.0213172
585364,2.7590897
682569,1.8531289
936397,2.5980797
732658,2.3162959
644206,2.1412146
637846,2.1563444
737825,2.566965
577113,1.8755199
577587,1.954281
889379,2.4952424
627531,2.8873518
337809,1.8504267
539460,1.8838472
832215,1.8268476
448445,2.3627312
171781,2.5887532
217062,2.6535738
424883,1.9819229
438013,2.783439
190824,1.7353902
823891,2.2480216
533111,2.0972898
353803,2.901258
882413,1.9463872
416669,1.4186534
766550,2.3231094
149056,1.9987488
408794,1.6892291
874958,2.074767
963893,2.270066
112025,1.9855722
614939,2.1126356
977481,2.5240045
957474,1.8246956
606412,2.0171883
403087,2.2030807
882194,2.166749
106469,2.2892199
829577,2.57984
303207,1.7811712
486315,2.1868968
666606,2.4376683
122798,2.4854066
216113,2.1342647
872232,2.7118843
988055,1.9413462
636680,2.2316332
845249,2.621653
172132,2.3149726
590676,1.3551791
920375,2.5154297
649743,1.7517314
704726,1.5681826
312568,2.5398688
558648,2.3127522
308733,2.8131018
288380,2.212236
760080,2.0952747
147834,1.5088791
473057,1.9881135
314911,1.4206167
827487,2.179861
708001,2.5730472
709923,1.6991713
940659,2.288166
258745,1.7056081
884812,2.1641004
931055,2.4532807
459854,1.8389175
110343,2.0240462
143928,2.1797001
948676,2.4038558
759120,2.5688324
594990,2.0221627
414310,1.7626387
351803,2.6126595
290531,1.7278047
185964,1.9859239
202715,1.8661225
113445,1.8655894
895403,1.8179411
465757,2.570037
826917,2.2189317
719600,2.3344474
953431,1.8156837
964687,2.5822115
905595,1.956541
917116,1.9717767
334468,1.6683028
202261,1.9420384
416467,2.545729
632745,2.108003
460893,2.1202376
790420,2.0433362
793066,2.0557137
380613,2.3105183
879648,1.615822
789359,1.7871059
526191,1.9224424
727630,2.2283974
240687,1.4856937
640573,2.199676
468662,2.068911
289593,2.4219694
263101,2.1882873
381443,2.4370723
751004,1.8816036
531373,1.5463527
800572,2.1322668
528494,2.546877
973760,2.4161704
531319,2.1976423
304341,2.4116447
611287,2.3948467
121420,2.0217662
784702,2.3095598
603417,2.0280988
634961,2.3316379
150719,2.0562716
915971,2.430171
392415,1.7128296
837614,1.4132793
350930,2.2085032
752175,2.3105166
130878,1.6899226
829924,1.716677
371874,2.0525506
862323,2.3891416
418864,1.5627496
824393,2.3906782
841117,2.5727174
752190,2.4932106
354413,2.0338862
718521,2.5548472
869570,2.513009
388357,2.263024
309227,2.0136752
973888,2.8765068
745735,2.386421
262088,1.9506375
368848,1.9829335
680739,2.654236
873738,1.9629725
410431,1.9739659
386417,1.9660228
240434,2.1453695
453012,2.2076116
397625,2.1909852
928420,2.1992295
408863,1.9396234
961430,2.1460876
477557,2.5157993
489637,2.8485622
159094,2.2992525
514641,2.3017993
367573,2.3803637
538251,2.1979723
103593,2.0255427
729324,2.369394
961300,1.7067845
763985,2.0172203
348010,2.025154
201967,2.5942683
714070,2.2592452
376022,1.8912657
335514,1.7527932
507425,2.8948429
844600,2.7870154
913498,2.197801
181468,1.9823971
635887,2.5114734
672124,1.8758799
411186,2.742851
878748,1.3770133
639772,2.0427656
979235,2.3539443
820785,2.177438
367561,1.9322231
508535,2.2741446
358791,1.9273695
106406,2.399347
532069,2.4847338
442701,2.0103598
423656,2.148694
798477,2.198412
622673,1.6062632
978480,2.9028535
870860,2.432807
348217,1.6490141
784096,1.7957337
655718,1.6143271
343267,2.1588628
112329,1.7780823
586681,1.7820992
751914,1.6187133
545785,2.9493032
458646,2.44998
103996,1.816217
252023,2.53285
735534,1.7392452
927473,2.0837586
545867,2.632175
959593,2.0645196
903936,2.3754838
467553,2.0902348
508588,1.9169437
429107,1.777111
314352,1.6729362
518340,1.8730356
803510,2.1883051
666880,1.4393928
662918,1.9439685
828390,2.097548
249735,2.4286854
590965,1.8192984
716855,1.9497336
580242,2.1429842
971658,2.151891
489626,2.2214766
813381,1.7291689
846963,2.744158
867073,2.5105987
807747,2.5228512
433773,1.6567656
377566,2.0901325
834766,1.8537828
301201,1.9765173
901361,2.1142008
856372,1.367448
448304,1.710888
817684,1.9379665
494762,1.8880496
757560,1.8034918
879578,1.4828812
949091,1.5240035
359478,2.2608223
347051,1.8958834
338799,2.1865904
877447,2.4245534
463349,1.6638042
166080,2.5027685
451239,2.222113
168291,1.8554442
322840,2.147074
958357,2.1847923
806782,2.3254335
210429,1.6209002
184877,1.9391621
916755,2.2108755
208924,1.9230475
889814,1.8884104
552605,2.8831043
845753,2.1577682
245459,2.2888672
884558,2.1480575
475939,2.292857
902732,2.124395
294024,1.6355307
589720,2.0612452
703093,2.0412068
752540,1.6482962
549928,1.8469765
120388,2.3565361
280341,2.63912
625596,2.3047404
266716,2.3707724
571092,1.9966651
539335,2.2758973
779263,1.8460848
987824,1.7317476
352320,2.0362635
822971,1.9631538
135061,1.9976401
391870,2.059542
331736,2.900447
721545,2.5696223
515959,1.7087837
459951,2.0817513
632025,1.9222813
494017,2.021641
988197,2.399922
454609,2.508632
559237,1.836994
553102,2.7082691
198897,2.3255765
282121,1.7691015
867159,1.5379654
404470,2.753032
544225,1.8771275
337096,2.4221666
146645,2.3549404
223937,2.8357706
287837,2.2204432
195913,1.581819
120976,2.592744
960374,1.8057433
483627,2.5911214
823368,1.9292126
197748,1.9250479
978049,1.6447227
117831,2.153721
471424,1.6623646
390457,1.9004338
213621,2.565217
644602,2.4542835
734726,2.220955
834729,2.2611032
546268,2.067035
693307,2.1006386
623458,2.333591
920132,2.69722
555167,2.3013685
231217,2.728808
640240,2.7045007
766700,1.9903877
477156,1.7104589
118740,2.6859736
963364,2.6809263
260771,2.393321
483547,2.1640415
826362,2.2465181
764629,1.8318119
664831,2.3236756
933397,2.0943944
116740,2.5555964
291621,2.249729
273208,1.9655814
784107,1.9963977
479530,2.274313
574954,2.177688
936834,1.853209
472560,2.2814453
910974,1.5714921
184029,2.8919938
974709,2.2635396
561317,2.135205
164164,1.5329505
787655,2.5619874
658185,2.1788683
610393,2.012575
799631,1.5416411
227207,1.7965057
505620,1.9203825
371992,1.927068
195506,2.4117768
893396,2.2623026
291260,2.6507952
996420,1.7416172
461767,2.497193
162474,2.5327919
194041,1.6393588
673834,2.0506966
818630,2.115348
155506,2.2942588
634613,1.713716
301481,1.5412223
694737,2.2684214
878168,1.9653717
326799,1.6329706
280934,2.0811517
286921,1.9891124
144640,2.025622
804654,2.5472045
570918,1.8983647
558223,2.191192
364994,2.2011297
886658,2.512214
813578,1.5344453
213119,2.5750716
663212,1.6152283
627344,2.3267317
535765,2.8612413
898270,1.6923004
851396,2.3868864
631315,1.8018757
149778,2.4556375
118852,1.9930283
931899,2.5238533
452229,2.5403857
854004,2.3847578
260203,2.0016568
447316,2.1503222
890314,2.5904393
757186,1.963012
649752,2.5421026
788692,2.4273179
533382,2.499884
438034,2.0447037
577792,2.7233512
261461,1.9453001
573133,1.9570484
850475,2.5877082
507656,2.257465
106746,2.5747118
564231,2.5642612
813741,2.5587654
628737,1.6289175
331496,2.1857686
764019,2.2291453
430720,1.9512289
719833,2.3920217
644692,1.7997961
892436,1.8220816
438097,2.5557387
173035,2.3407235
531995,2.1276774
993448,1.6933454
180132,2.8266807
613955,2.3049088
353588,2.505249
465840,2.4057436
197521,2.4017262
138342,2.3483768
549576,3.0852706
646937,1.9515461
786718,2.4286523
108099,2.0517802
762455,2.0382857
555166,1.8342656
386612,2.3498716
165535,1.5252723
475325,1.9597892
470731,2.9369454
204523,1.8653723
205455,2.404241
898653,2.5603268
775112,2.611807
970916,2.1208296
898031,1.9750948
572212,2.206032
903808,2.1860814
302691,2.348982
746656,1.9499134
154530,2.290246
137151,2.5849335
557385,2.4362013
918117,2.6848924
435328,2.4407973
999052,2.088873
838832,2.8292928
865162,1.5261962
653173,1.9200273
388022,2.5778995
990441,1.7970935
467077,1.9051393
407216,1.6209465
566146,2.2842524
953289,2.4234202
392890,2.1468046
950754,1.6184822
667425,2.4765108
987865,1.8780293
325385,2.7691934
799894,2.2909524
869728,2.6056192
439267,2.037952
757652,2.3895133
928068,2.838871
239184,2.0893712
475108,1.727402
540016,1.9370869
997513,2.092318
159429,1.7095121
283557,1.7669171
190170,1.8373042
244869,2.08715
126822,2.35562
215869,2.6734393
347385,2.1230016
831917,1.9160893
699399,2.012333
295519,2.054856
464404,2.446059
172277,2.5159569
477749,2.2879703
613953,2.1170115
109357,1.9412732
935504,1.7788126
485757,2.5100188
607067,1.9296671
726570,2.5000618
931211,2.594241
733689,2.7044046
527786,1.8937877
315431,1.8369855
638669,2.0202768
279158,2.0292606
150202,1.9274946
613854,1.6175205
640879,1.8577702
820224,2.1328082
752699,2.4537745
667249,2.0829823
458932,1.6682075
743343,2.4069612
946026,2.4120898
331142,2.24669
289629,1.8529888
959187,2.1690485
384671,2.2433121
635660,2.0824683
448769,2.0069277
162498,2.5555017
687486,2.1991656
888154,1.9886769
700450,2.3480017
188950,2.4814541
605622,2.058479
863547,2.212011
678726,2.072669
208739,2.4049706
829343,2.207101
681947,2.017927
150758,2.0567005
214047,2.0853286
444898,1.9768294
841450,2.570877
492669,1.6679922
787935,2.4342551
806172,1.7556083
678901,2.392899
433713,2.0945175
474318,2.4544857
218520,2.1730123
934521,2.0978785
393134,2.1733375
714718,2.0693634
817002,1.6589152
819482,2.6223512
100680,1.8256806
182995,1.6231184
670365,2.032259
519739,2.9452043
557307,2.3838527
752568,2.462793
779077,2.491574
784545,2.4053402
891907,1.5531148
269589,1.4941088
826482,2.3948822
513542,2.3550296
932055,2.1765428
915107,1.655803
487955,2.7236943
161577,2.0552475
415710,2.199195
845217,2.184998
468656,1.2447152
860919,2.0920932
579687,1.9122845
620640,1.9436967
388407,1.7915924
532902,2.6960366
509417,1.7775071
756369,2.7982178
555063,2.3561578
973382,2.1857328
255024,2.1841574
409550,1.936021
935895,2.1405196
401501,1.9402212
606532,2.4598415
162377,1.851152
306171,2.7180624
504531,1.4288602
608705,1.7370627
301094,1.7367966
244939,2.5137265
800550,2.1047788
520730,2.2819571
178843,2.1833138
436613,2.5709558
275664,2.7291887
744136,1.7052461
653657,1.7595855
526249,2.2351422
838196,2.0133293
491969,2.6745987
480912,2.637813
315429,2.614364
720289,1.9201779
817761,1.6331552
198153,2.205153
142001,2.120512
914116,2.4911761
765296,1.5704573
963090,2.204112
144443,1.5739554
162397,2.320766
992048,2.7959723
390647,2.5080283
178965,2.151031
204604,2.2973583
886647,2.3395305
773283,2.0357444
336916,1.7806761
571406,1.9053223
776117,2.2141142
205103,2.1469407
634413,2.060117
719604,2.721189
424033,2.1048949
198754,2.5872488
222741,1.9728322
165542,2.9933188
129434,2.5794199
639368,1.9510093
706063,2.0103152
188431,2.1025233
995550,1.6769545
368276,2.4458926
735622,2.4334598
470843,1.4728827
136535,2.6619327
300834,1.5663778
384907,2.3751783
191579,2.1632972
863103,1.5749642
851492,1.8287437
564924,2.2635965
168036,2.0209303
424799,1.8450642
477632,1.5269231
957168,1.7025316
195396,2.299396
547461,2.526717
625013,1.9557483
899033,2.4006674
533146,1.6921358
787044,2.2032738
533181,2.482229
912700,1.8965973
151933,1.7814171
606471,2.6909735
210341,1.837609
588598,2.115018
223626,2.0690966
284839,1.9845151
718202,1.9246534
986943,2.3162553
769226,1.7687583
588698,2.0417163
892566,2.306321
516717,2.0393693
231177,1.5501072
151733,2.5522442
849466,1.8687611
842224,1.8078092
550855,1.9643303
201070,2.2834675
583212,1.8562139
701765,2.1672683
517147,2.468899
747115,1.9456612
278596,1.8098743
616603,1.8669955
448060,1.8417184
309010,2.2258277
454055,2.539212
418286,2.7041378
412923,1.7648916
851672,1.8044491
882140,2.8696756
616555,2.2044356
980097,2.4626617
138541,1.8473712
510672,2.0024571
871614,2.1269953
835719,2.073592
657817,2.0094247
856478,1.8701909
246169,1.789019
958792,2.098076
820365,1.7478361
916687,2.263233
731525,1.9996461
948831,1.6833918
554732,2.2899523
272052,1.8184345
767466,1.8657869
302271,2.1564236
235548,1.953504
196934,1.8325611
784198,2.1986988
120039,2.5324223
449954,1.9341087
596472,2.535405
400290,2.1377358
130087,2.4799907
324302,1.5702262
448965,2.5594773
509039,1.7536607
510790,2.3888264
134070,2.0498397
277612,2.3110962
339835,2.038559
354756,2.401162
397233,2.0113854
339048,2.0640855
906378,2.2514682
226555,1.9545379
741045,1.7899812
241799,1.573418
221352,1.2234371
624149,2.317864
902054,2.2134902
284404,2.0439842
174538,2.5823529
333929,2.216858
570872,2.875114
279315,1.7121952
162351,2.663216
798898,1.7616178
731438,2.2961347
208677,2.216076
258147,1.8616153
321519,2.5769732
905027,2.0569427
121844,2.2108579
976480,2.2763531
469004,2.236816
419423,2.3673086
782919,2.0962582
196956,2.3875623
488029,1.9867522
554864,2.2774081
910747,1.7262846
704078,1.4015754
995579,1.8877524
697898,2.4688644
835012,2.4390717
809402,2.1796641
652682,2.5999296
594540,2.1025236
288109,2.0677507
448576,2.6460507
631524,2.0943525
846673,2.5859802
586350,2.3819032
159093,2.4020503
223322,2.088206
937627,2.6805599
323252,1.615696
790946,2.1280403
153810,2.5576103
861400,1.8770205
840991,1.8234401
111298,1.9165236
373004,2.1233776
697622,2.7315493
395565,2.3529084
171704,2.8066068
175323,2.5217986
719873,2.3619452
480660,2.1531537
695195,2.1070747
323962,2.8640475
570713,2.0827367
107581,2.0626562
109287,2.069514
517325,1.8427222
200241,2.8039458
450406,2.0847359
617268,2.2582707
209822,1.6454031
655126,1.6711512
499988,2.568475
909774,1.8991565
600190,2.2855005
536801,2.055785
528557,2.2399614
373670,2.2522416
760633,2.2561738
445816,1.6460384
684087,2.325088
860486,2.6062808
172136,1.9645721
155001,1.8843927
967016,1.8337078
484179,1.963217
544142,2.6249886
136133,2.429362
793183,2.2113502
534166,1.8255961
815922,2.2090285
346655,1.8883301
917301,2.4981883
662501,1.8136172
507801,1.8202015
159327,2.0569694
372833,2.7070115
480242,1.5475721
704655,2.070734
289697,1.5896618
508283,1.8147771
924901,1.8173773
304523,2.4380214
893432,2.2084002
112056,1.4920726
198061,2.101285
603437,2.0139637
919334,2.7482762
223782,2.2983248
454482,2.029803
235620,2.2852826
600605,2.0561862
662596,2.2558126
103035,2.392564
863019,2.0025995
201052,2.4569108
137350,2.3464615
757365,1.9393909
655917,2.9444158
174107,2.2577903
152821,1.9218489
452053,2.2514234
430577,2.7089696
841337,2.096503
632654,2.5793507
498347,2.3082056
149006,2.1557634
521582,2.459973
818589,2.0919583
907003,2.4734519
915859,2.7118874
745461,2.0247052
451384,2.3638813
850017,1.8101009
418971,2.1107218
457943,1.7148936
861441,2.5256004
784562,2.177863
621482,1.9385718
390291,2.7610772
606706,2.2959797
912723,2.088411
196241,1.8699378
928653,2.081173
202366,2.078838
194490,2.0295544
708695,2.448205
933551,1.8736289
100875,1.6700922
893482,2.04302
810354,2.3204205
704282,1.7392187
325075,2.6658876
968513,1.8118603
838527,1.98676
802969,2.1508949
134802,1.981767
179196,2.2422643
865987,2.0958698
797307,2.2279322
482617,1.7381189
609679,2.7949898
399871,1.8861653
819224,2.658946
221366,2.1244059
965456,2.3970428
415282,1.7923771
931134,2.4117587
940932,1.8631195
237145,2.1069686
772730,2.310524
774097,2.231868
957158,2.0753706
291987,2.3945022
789039,1.7641582
588444,2.2016747
949345,1.492619
473629,2.0194802
927056,2.1558328
685802,2.4676597
922332,1.7184118
317442,2.8512537
939743,1.874086
148590,2.3533778
443642,2.3182447
801921,1.9911256
841644,2.1734016
660536,2.2328053
915073,2.1570075
744839,2.4481997
404612,2.1681845
726907,1.9641672
873780,2.718799
233345,1.8631653
946753,2.4421494
977217,2.4102216
351216,2.710349
907387,1.8199074
426194,2.1380067
954040,2.3861642
564865,2.8331687
269825,1.9681495
399172,1.6561553
484456,2.1891541
687424,1.8022333
976662,2.1458468
770588,2.0194159
767634,2.8763115
959292,2.2075558
721099,2.7098126
167047,2.6487515
530730,1.95617
824186,1.8780987
643411,2.8025064
614056,1.8897498
547193,2.1680312
416575,1.9022288
600019,2.4753263
867046,2.5213716
263396,1.6999627
757308,2.1555393
434556,2.3460598
275062,2.1929739
983691,1.8246671
160458,1.7954789
174733,2.482273
908907,2.081949
396079,2.0114753
724055,2.1589735
115384,1.5909169
306209,2.1379888
991202,1.6888849
716434,1.8293006
617878,1.6952171
337193,2.3150961
388818,1.7665663
872054,1.938207
905436,1.9720019
901548,2.2205758
486463,2.3910706
879252,2.3963892
969088,2.210084
925483,1.5792984
448341,2.0151412
744329,1.8310562
434284,1.6447966
362737,1.8933953
966241,1.8742867
271898,2.2408195
200152,2.5498574
927831,1.8006201
461861,2.183086
406195,2.2409134
546181,2.2195694
589323,2.3108366
660632,1.3242667
474873,2.334386
325524,1.7848859
183032,2.6988168
640078,2.065704
841866,2.2544599
279407,2.2267363
656047,2.7526782
333317,1.9474078
998674,2.3620698
947344,1.717946
957580,1.8516523
245267,1.9526811
871166,2.0510416
315125,2.1176164
765929,2.880348
766998,1.8353121
804625,2.594512
716313,2.0663798
536839,1.772045
408073,2.4739268
531663,2.677866
197013,1.7699332
310257,2.0924196
761977,2.4501555
817929,1.3783598
141453,2.0110962
150858,1.4702588
628575,2.260484
351755,2.4254334
624255,2.425079
831061,2.0673494
239882,2.5414371
280932,1.9002739
111101,1.5753509
384205,2.364941
368467,2.578814
942219,1.7864531
698637,2.573618
702202,2.4835293
296428,2.1607463
287848,2.3398554
419853,2.7888029
374262,1.778185
108852,2.8331885
410962,2.5193393
374081,2.295849
114588,2.6576078
117003,2.0528312
505985,2.1002593
145681,2.7436779
128155,2.7150798
545381,3.1367633
162722,2.5335517
719571,2.0079541
243207,2.0000098
445098,1.8870771
619673,1.984837
743425,1.973895
826151,1.923711
121705,1.7791152
321247,1.5423146
417981,2.0245624
873809,1.7854047
448347,1.9685141
854307,1.5991361
190163,1.5651512
673038,1.6028936
293016,2.5754972
513502,1.7065053
367818,2.588573
309479,1.6903683
989970,2.5754774
100695,2.077022
278313,1.983253
784547,1.7710545
948942,2.7495034
937702,2.42296
725038,1.6740949
215071,1.7873608
299467,2.0039241
932220,1.4944708
267131,1.9589701
519692,1.7443454
581428,2.195545
287108,2.1280365
799482,2.0497577
187457,2.0267253
749013,1.942839
298357,1.9784822
524719,2.8652103
615841,2.034136
674085,2.0970895
113578,1.99475
698935,2.5999928
219188,1.746258
608125,1.6393837
925449,1.9930323
265303,2.011002
108693,2.0732608
778511,2.4565024
201543,1.8366436
860292,1.9861557
543342,2.1971118
897909,2.1489735
815805,2.123081
462512,2.4476392
575396,1.9708431
887870,2.3469975
249049,1.8736
490828,2.6322
656043,1.6013252
287925,1.59283
658230,1.9972281
144036,1.4686131
671527,2.9416437
688506,2.17725
944417,1.6219138
687345,1.898526
498590,2.7191737
419388,2.598586
986694,2.594552
822516,1.5020556
310891,1.845179
843031,1.8423309
538948,1.4297339
466748,2.1732728
192250,1.9742333
362649,2.2557945
259423,1.9773202
744057,1.9420145
179313,1.8431416
261346,2.811012
404521,2.5555105
306416,1.9069202
574697,1.7920678
916732,2.124385
433281,1.8179023
649792,1.7518142
481489,2.4533463
367372,1.6998441
889945,2.0351565
840916,2.102057
791615,2.2263012
103104,2.0978732
760849,1.9792802
590468,2.1926768
195870,1.9890261
237170,1.5051551
650406,2.0400832
792195,2.3547292
282700,2.5837429
854274,2.6064053
923225,2.2363098
305859,2.6754467
502924,2.0514045
333210,2.2376666
248416,2.3102612
544121,1.9846445
607230,2.0028296
275999,1.7669204
473780,2.687983
722663,2.5129235
503480,2.2322648
654950,2.0900073
650100,2.1116822
775553,2.235048
519952,2.1122808
570658,2.3252308
112221,1.6439023
585554,1.5903596
230012,2.1800792
735596,1.6298184
587964,2.7366576
749500,1.8443896
921181,2.418251
691998,2.5751357
449995,2.2547338
724197,1.7849355
802011,1.9888955
394108,2.1550167
492677,1.5116522
708728,2.537304
239544,2.3318858
986487,2.3498733
911924,1.8458341
542347,2.3634086
518605,1.9865487
930038,2.8588548
847619,2.5977793
857319,2.6324613
370488,2.4669607
941520,2.1090667
915187,2.2420127
474868,2.052821
504461,2.1428947
650785,2.1210651
668534,1.9821087
470835,1.6211164
384641,2.1159725
492525,1.8319503
469205,1.9761748
329075,2.1556528
614998,1.7211163
585817,2.461624
289268,2.359467
417630,2.218678
407808,1.5164654
415015,2.3247962
841353,2.5087347
375446,2.0717857
833988,2.070911
361065,2.37568
395047,1.8906721
562457,1.7877288
442385,2.3590527
786425,2.237284
779252,2.279111
232822,1.9843501
103604,2.700527
727888,2.187332
328347,1.6929421
592220,2.328924
518253,2.3530781
754574,2.7667046
157087,2.1289182
835817,1.742614
830663,2.245442
601235,2.6387644
282899,1.9159079
364336,1.8434054
643536,1.4619383
957682,2.4211922
731428,2.0003717
869467,2.2848442
308957,2.348974
384200,2.045369
857415,2.3879628
150152,2.5709507
532650,1.9826128
215629,1.4657644
177612,1.9162848
789793,1.6681981
852445,1.7522372
216128,2.1698618
471961,2.2876596
879318,2.423093
275932,1.4943846
978828,1.2004128
423609,1.6055299
707155,2.686939
288447,2.4366498
373279,2.0101817
816661,1.9329906
420635,1.9329438
675918,1.905387
407240,2.0448275
343360,1.851307
624731,2.5078316
978232,2.3202097
549340,2.4889467
458042,2.7310174
717670,2.169805
701037,1.8620324
327197,2.671911
442750,2.0161295
920103,2.5408618
509639,2.3833797
705482,1.9659879
221835,2.0144985
878574,2.4191344
690897,1.8186282
856468,2.4659536
416620,2.5350769
632526,2.665126
803372,1.9422126
206946,2.506162
557347,2.027364
221623,1.9718053
255677,1.990501
876156,2.1381085
638272,2.2922966
995518,1.8346565
130720,2.387288
604999,1.5388302
411137,1.7158989
496472,2.4925506
794191,2.2026906
358151,2.3932443
995511,1.9463488
806083,1.6599418
417383,1.8033926
779221,2.5588157
107435,1.5780547
207400,2.0140495
301629,2.1077325
692825,1.9562578
661670,1.7338502
946938,2.2796097
985864,2.460482
337924,2.5004532
598667,1.8649936
218951,1.9355361
270974,1.8270018
678251,2.2224858
653045,1.9703491
915694,1.9171288
930355,2.2930992
696703,1.6931266
449398,1.6595728
311615,2.5538368
415467,2.099748
840893,2.3362823
496252,1.4318871
650897,2.416093
424304,2.5501523
503212,2.0183394
239904,2.3196657
513689,1.5795478
907879,1.8717659
352679,2.027062
276449,2.7306008
685191,1.7431868
519023,1.7517203
594870,2.274656
601883,1.917604
146156,2.4244206
565479,2.5735981
538048,1.7200842
920229,1.965521
435351,1.3785752
398715,1.7298914
932041,2.0817914
416955,1.5369186
632260,1.8236109
827926,1.9552803
631353,2.2110634
304043,1.5501403
779886,1.675663
807123,2.045198
442552,2.463445
214060,2.4296248
522691,2.1416857
938501,1.1199428
646405,1.2749346
790275,2.527102
944671,2.6580155
806946,2.1292944
555646,1.2163475
970730,2.1734254
197312,2.3299003
781721,2.0448601
966682,1.6287422
468294,1.8138372
812185,2.0040162
645694,1.9783993
173836,2.1916432
151172,2.370204
377698,1.919843
897761,2.1688046
112558,2.5690215
327867,1.8441166
318597,2.477182
491442,1.9117181
127842,2.470861
584275,1.9859964
126559,2.1680233
779842,2.4838006
121148,2.062066
157641,2.077208
623979,1.8308632
795800,1.9141605
346518,2.3032508
342204,1.6552876
272823,1.6359648
815495,3.1783252
953113,2.2506158
761135,2.048604
730086,2.386042
550975,2.006518
401881,2.5437884
555715,2.3754344
583756,2.0636714
796081,1.9785994
155848,2.7437782
814356,2.4862037
271847,2.3672051
904690,1.6760491
540576,2.1982145
938474,2.4690938
754104,2.45784
212284,2.8298907
282075,1.824107
120218,2.3875399
608155,1.889136
951682,2.3528306
332276,2.336604
222729,1.7776824
672235,2.5267117
223031,2.0911386
732288,2.6216602
404042,2.396412
613927,2.3237698
252200,2.1948671
288947,1.997227
538787,2.3278158
155410,1.6497775
476508,2.293951
261819,2.153309
584884,2.5033557
793990,1.7682745
635342,2.207043
875149,2.2447045
489623,1.9493492
970061,1.709836
223953,2.5935585
230637,1.9496176
970196,2.4813664
380705,1.8671166
628625,1.8618962
358121,2.2231538
396472,2.1764948
182143,1.9262685
377864,1.5603615
533641,2.217771
534834,2.3354354
444327,1.9794322
379694,2.01885
384564,2.3959904
907501,2.3121734
719202,2.525752
852552,1.8527604
984552,1.8080993
529510,2.9858992
361156,2.029348
129820,2.1413188
122073,2.2507305
714606,2.248557
487058,2.0394843
679869,1.930117
302905,3.112827
503143,2.417179
125210,1.9090708
554439,2.649392
162076,2.5120049
878448,1.6580834
220185,2.3982432
823106,2.3467283
723001,2.0229032
824904,1.8291134
451465,1.8099731
415030,2.9051158
967145,2.360455
770940,2.2084892
120933,2.049873
769062,2.2161672
448264,2.0905857
365570,1.345136
418717,1.7952473
420834,2.4864378
870750,2.1941514
279469,2.4165254
973421,2.0235233
693267,2.0784156
196053,2.0132432
745092,1.7116283
353117,1.8474692
648805,1.8230567
486668,2.153411
119828,2.3403535
189095,2.7251158
219402,1.9856437
247442,2.6846366
847012,2.2044783
464144,2.3645942
360038,2.5216675
424249,1.8388929
132668,2.577042
992430,2.0232606
544001,2.7738535
791628,2.352057
705923,1.6083018
293673,2.101361
699187,1.8726667
452015,2.6020916
350645,2.3277392
361353,2.5644343
414355,2.272521
460962,1.82479
779280,1.9490857
915581,2.5802758
854110,2.286735
904283,2.6561556
208672,1.8262153
976012,1.6397913
431653,2.3529232
938641,1.709115
624884,1.4065493
497156,2.115477
548149,2.491882
660197,1.9129442
350994,1.8570297
833204,2.1261842
171244,2.1798224
872231,2.0790508
838373,2.3597145
426111,2.1493835
189072,2.3728926
679960,2.7174351
592837,2.1370094
596753,2.1855624
910169,2.3951192
604379,2.0421746
392370,1.9274722
181247,1.884459
919825,2.384684
652523,2.4013226
771608,2.0672047
336052,2.2224092
503546,2.2530546
125918,1.9914309
375125,2.6897206
619107,2.1007133
967600,2.0728283
471072,1.610531
201499,2.072107
201592,1.707429
112288,2.3540437
882034,1.7536979
296309,2.367459
840110,2.197828
450229,2.5182905
503641,1.9331506
508984,2.2225587
417017,2.170683
761539,2.1483593
295840,2.0656126
447261,2.6391656
195573,2.3701074
949889,2.0430183
161633,2.1153004
579044,2.385667
278339,1.8305017
135301,2.2994273
325988,1.8938888
563163,2.7042327
944339,2.3043954
595170,1.9178145
943230,1.5557154
950790,2.0288966
901109,2.1587083
619662,2.0050237
658559,1.769579
757313,1.9077524
140134,1.7567239
731012,2.1464908
639037,2.2293193
842118,1.8042338
379867,2.2317
675287,2.7874963
263573,2.143109
220837,2.2306664
656522,1.7144186
973316,1.8962978
863260,1.9960229
245204,2.1116652
728625,1.9094765
926616,1.9128481
979479,2.1297662
795501,1.7159135
118374,1.963647
626889,2.2727304
378718,1.9785905
948847,1.8995762
811386,2.1335618
811404,2.477885
435499,2.0807636
347390,1.8241433
666864,2.2426193
571730,2.0864935
713399,2.2773252
163763,2.310886
331328,1.9127645
325276,2.5644922
514928,2.3758593
904716,2.4155354
616664,2.5245469
334159,1.7414014
839059,2.1008542
726050,1.7042966
622032,1.4953442
644294,2.203995
259612,2.1358862
464825,2.743157
416539,1.9248577
349478,2.3412504
358588,2.0088263
153697,1.7898564
701171,1.4819659
322450,1.9453008
821828,2.442698
451297,2.5056422
578786,1.9167706
422214,2.0751233
804155,2.0990114
412274,2.210176
211473,2.1613028
910943,2.6032798
190116,2.7336543
608039,2.2173927
756339,2.341729
850762,2.154625
876601,1.9830836
889810,2.2854245
128809,2.4423006
101704,1.8188688
751205,2.5803647
120819,2.0192513
739979,1.7085077
108859,1.89064
407112,2.2649584
722712,2.1950445
978639,2.162388
331965,2.4053783
948494,1.8725996
494492,2.1960351
605407,2.178334
566937,1.9905461
660542,1.4324616
694663,2.2133913
257051,2.5148351
618869,1.6482428
345380,1.9711046
695143,2.4506392
143442,2.084776
645178,2.3473203
400318,2.145153
581848,2.008391
389240,2.3024719
887546,2.270743
940698,1.880991
292482,1.8612078
798425,1.8337511
623607,2.221107
205172,2.0454402
419914,2.4321814
749335,1.8394661
539836,1.4391724
945987,2.6724122
455589,2.244408
417494,2.0394719
349577,2.2011817
803531,2.6007268
737133,2.7304084
713801,1.9894657
434865,2.2549777
481199,2.3773365
871508,2.854796
186737,2.4427428
881255,2.3983996
223308,2.1241267
827498,2.8835025
906120,2.3790123
842367,2.0455143
980404,2.0267804
727047,1.9902761
507851,1.8270725
826980,1.976473
117685,2.1576748
244020,2.1977835
500011,2.321056
796744,1.8802415
742132,2.068168
699902,2.2482684
928107,1.6728599
681094,2.976172
958495,1.5362389
484638,2.1816285
107072,2.403394
119642,2.3363836
147704,2.0112562
591868,2.0521364
567026,1.7208828
297540,2.1464322
184780,1.9370465
935542,2.227988
936871,2.1074855
686850,1.5576224
657403,2.159189
211183,2.2563024
429104,2.1307273
233940,1.7689855
146214,2.476486
706094,2.2012448
938700,1.9123582
599329,2.1342797
519519,2.3511136
303582,2.4301848
238978,1.9039394
888821,2.703337
810511,2.641927
750587,2.8376052
563195,2.223218
235267,2.1497319
543191,2.1803737
880490,1.886572
979834,1.8292973
624204,1.8116345
514403,1.463658
346494,2.222049
845895,1.9486275
180882,2.337355
288500,2.3041737
733006,2.4051483
563254,2.1344001
175928,2.262194
380114,1.7670594
978911,2.3242126
883718,2.2607942
636510,1.8465033
958255,2.6890893
387761,2.3254285
772488,2.1257308
212362,2.0231867
633357,2.2243059
514497,2.5816183
517124,2.5714512
217284,2.417614
673430,1.7917166
407602,1.9834256
552468,2.110734
768228,2.1346865
182204,1.8004199
632731,2.223308
646116,1.9637566
154476,2.4237888
815574,1.6615856
118132,2.3466678
297605,1.9691384
351036,2.1996422
433446,2.3744965
715009,1.8907777
277093,1.5182413
464989,1.7742505
430929,1.9017749
732391,2.285305
557323,2.2937424
607542,1.9432416
900422,2.0179658
837008,1.5747309
821431,2.588483
819355,2.0935452
453119,2.4093409
498379,1.8723191
791070,2.15277
957235,2.7518933
174329,2.469407
897018,1.9005791
174093,2.0129626
204045,1.5512666
802552,1.9627389
853278,1.4886159
293602,2.2409155
627953,2.568467
911952,2.1355114
610482,1.7968436
452432,2.1348877
976953,2.3981302
829978,1.9231178
222342,2.196262
913674,2.2123187
735900,2.717453
117227,1.2760605
537657,2.579828
886320,2.0311947
589602,2.3346636
671472,1.8611537
665004,2.9481711
244470,1.5805569
706682,1.7071171
240417,2.4937923
182197,2.492959
770437,2.080339
494813,2.008781
420258,2.5354838
857934,1.9124229
494420,2.146788
714695,2.429539
112807,2.069474
606830,2.4382043
983698,1.810398
790812,2.1639574
394747,1.9022427
297276,1.5521812
499283,2.8601184
943400,2.786594
127685,2.1848924
532559,1.6130798
814600,2.2954392
880409,2.17217
162428,2.4333186
131631,2.2898428
923234,1.6830075
826384,1.5543731
663651,1.5647384
916879,1.5755467
452633,2.3200412
644183,2.4069312
818187,2.5440464
323216,2.5372148
672320,2.2822533
730234,2.0270758
914045,1.6487999
922869,1.4917464
691321,1.7775084
719485,2.2696686
793506,2.2791119
356986,1.361444
739458,2.3376231
891198,1.850804
264939,2.3905694
368210,1.7840506
601160,1.6514158
161288,2.3944492
728947,2.2808144
531979,1.9234922
496693,2.5761101
954510,1.8547523
722207,1.668989
808165,1.8443897
657670,2.1724255
272826,1.8551385
705311,2.3342671
760047,2.4153688
482654,2.2511704
220283,2.409229
484426,2.5148766
638409,1.4717987
515097,2.2874768
199413,2.263701
758893,2.3528218
759724,1.1636539
327318,2.0333202
873542,2.0490227
681612,1.8641918
409380,1.839638
500890,2.4878511
259771,1.768646
480847,2.0649881
912590,2.3183289
284852,2.3686337
617187,1.5615
872741,2.0024467
239961,1.6406546
998388,1.8092288
562993,2.7313492
195281,2.2185261
282030,2.5371506
123566,2.0211673
554780,2.0974264
914841,1.9339702
296958,2.062602
149045,2.6389537
856303,1.4924723
927569,2.1709042
546673,2.0091329
550817,2.8227475
515916,2.5602794
707368,1.9557977
363111,1.7618766
373014,2.1747158
138643,2.094326
964921,2.2079878
729463,2.5504315
952177,2.4762495
521258,1.636029
914648,1.8862631
584997,2.0983448
690802,1.8644927
207271,2.290186
497861,2.47222
862555,1.7593484
608872,1.7073504
486663,1.9034492
603352,2.4623618
299360,2.5030925
775903,1.9705714
943251,2.4026163
309719,1.7414315
919940,2.6908514
355796,2.92455
414919,2.2341273
835598,1.6969988
593987,2.2212007
562530,2.7011304
990604,2.199811
716349,2.5612252
177252,2.3450499
129650,2.2772052
857317,1.6764047
959770,2.2805004
102479,2.2895236
443210,1.8926322
889278,1.9064603
725171,1.4120469
185664,1.7628055
467244,2.2831311
487011,2.5706937
290296,2.057488
539459,2.0931978
296805,2.18992
215542,1.5772262
580841,1.9400443
209823,2.2707283
758713,2.1729472
631135,2.5654707
256271,1.9104972
120926,1.9603755
824983,2.4256105
422289,2.1699636
311734,1.6921134
815436,2.3354342
434348,2.6231189
412453,2.1715686
917138,1.8999897
781221,2.5252316
849393,1.9312394
866535,2.7377684
920302,2.3172507
277604,2.7856567
801950,1.8238142
668967,2.3748443
790842,2.1723382
888589,2.3052745
804861,2.4380634
518566,1.8437519
234193,2.133481
925495,2.1931167
646974,2.5759084
178082,2.6891341
573006,2.519305
661419,1.5934672
333075,1.5543866
984287,1.9292859
388966,2.1980102
256916,2.34752
263897,2.1914446
812335,2.1788402
870956,2.3408825
225251,1.8567046
623781,2.159522
980478,1.8234354
587061,1.5832044
920317,1.5607044
243165,2.0375056
472964,1.4157673
893190,1.6395513
515476,2.5960412
809417,2.832897
616426,2.4817357
186425,1.8457963
703732,2.3620963
882259,1.3880626
536983,1.9753695
755800,1.9052855
157434,1.7433538
757544,2.1093156
639346,1.98639
812568,2.4823823
542461,1.6848634
315881,1.5165281
625554,2.2557673
420351,2.0105999
862310,1.8290883
225333,1.7202698
476839,2.1560915
429964,1.7666146
346874,2.0395036
723565,1.3428938
794603,1.5248941
869733,2.237931
293600,1.9779143
959633,1.9529289
259921,2.474183
627437,2.6120262
696103,2.6681805
184939,2.5424924
284543,2.044498
160919,2.6411543
872695,2.0069332
190243,2.3667564
367975,1.9692614
632325,2.834955
154577,1.9571142
954373,2.0316682
450214,2.2319698
319987,2.4999647
686131,2.4004037
140956,1.7581105
953772,2.281147
392386,1.6576426
800295,1.493754
928503,1.6347222
311718,2.5895064
124212,2.19479
895875,2.2872376
447196,1.8238865
301653,2.2420893
572292,2.2374547
164255,1.9478331
749571,2.2456563
910185,2.254666
745945,1.7663083
943077,2.145116
590364,2.91081
110485,1.6976058
396290,2.7696455
306225,2.3371665
760584,2.5046291
294859,1.8089707
910512,1.8839287
553194,2.0028806
919408,2.4280944
234849,2.5960457
129109,2.0783095
892104,1.5997106
200318,2.256253
159319,2.465547
639841,2.203114
701100,1.807211
511584,1.4756268
113974,2.1188025
209001,2.558093
979004,2.0650086
147997,1.953724
623009,2.0423453
357842,2.2792048
476954,1.9175327
482614,2.3836358
981629,1.8183596
973460,1.4894388
765415,2.3395362
118259,1.1988776
474653,2.3400695
155654,1.5823649
112565,1.8610201
306473,2.5739346
294970,3.20496
988953,2.0656238
540568,2.325069
527965,2.7296457
758128,2.4206576
457389,2.3512785
921075,1.6180577
303447,2.1426623
690105,2.1202598
121706,2.3540447
678557,2.075613
729644,2.4393356
991845,2.2321105
749077,2.0781317
707796,2.321325
340757,2.3560584
426862,2.7129827
569475,2.2546303
831016,2.7388608
748901,2.498276
729986,2.5145912
272787,1.9980173
258717,2.0216427
965852,1.6840616
647097,2.0992491
646708,2.3637352
271153,1.9152232
651471,1.4706038
100333,2.7505927
924415,1.9751611
276914,1.9051913
704870,1.6393566
657041,2.0346026
203183,2.5312927
371271,2.3871624
431940,2.356229
412964,2.0139074
674811,1.5885004
964430,2.0002177
149793,2.7436998
317218,1.7653816
615422,1.8017197
844966,2.142675
224264,2.3451905
564175,2.1358287
901063,2.1166308
727703,2.3805935
376490,1.6742072
597279,2.7285626
776962,1.5199921
523263,1.4236737
919092,2.6049452
188481,2.163366
513269,1.9628004
333134,2.1467326
696328,2.351966
489422,1.7999295
217156,2.509534
689678,2.1670792
325782,2.1498418
549262,2.7527328
927901,1.9344652
580782,2.046365
110247,2.2121348
777347,2.2125652
861161,2.6148474
101791,1.9299641
638109,2.0937693
832760,2.664795
309355,2.185245
288473,2.2537127
424167,2.299165
563722,1.7749107
670020,1.8133787
148718,1.9038714
477339,2.287563
307904,1.9239594
421738,2.0506358
831992,2.1360347
577409,2.0700188
783733,1.6578834
552428,2.8380475
293792,2.6144178
643923,2.1863756
698143,1.9636673
982992,2.3826268
941726,1.9213656
708643,2.5188007
277360,2.6534047
648878,2.0101657
776924,1.9280849
211407,2.319946
939584,2.0000107
230554,2.307041
345782,2.3206275
970045,2.6505842
101760,1.9345748
187337,1.724236
299073,2.0484278
200132,2.8356056
642192,2.8381188
848051,1.6861467
243314,2.9105875
560170,1.7635599
988891,2.0070899
823117,2.1350021
120003,2.0190518
953032,1.9543728
985660,2.3112242
677697,1.4495357
547455,2.3963082
961408,2.1155994
662079,2.1032953
620427,2.3198078
564784,2.1693647
520255,1.7595607
508733,2.3461645
176319,2.0938127
754469,2.2898495
893412,2.63164
668269,2.1064994
601569,1.868146
447067,1.9521838
933026,2.6498356
197795,2.0775208
860288,2.5088284
395646,1.8269582
866901,2.0715232
812937,2.3833137
108283,1.8568197
296785,2.1212573
467040,2.3723094
169434,2.4522603
839084,1.8530568
792110,2.6034782
719094,1.9997262
926416,1.8438792
446519,2.332022
244496,2.4399247
454053,2.4713109
705620,1.7925235
877896,2.2960458
751873,1.5709056
480904,2.1505663
518565,1.9344044
869619,1.8250504
544428,1.9311748
291265,2.0901854
539311,2.0149615
614931,1.6903048
471478,1.646357
973722,2.0089874
648049,2.1261356
839189,2.697947
227858,2.7461915
997938,2.6607656
712383,1.5137054
600510,2.7264166
953869,1.8467029
314417,2.7404282
438936,2.2255812
122604,1.6264237
175797,2.2319133
843357,2.0562475
161532,2.5241253
867306,2.3091404
318854,2.0053651
433528,2.7853212
469818,2.4176803
868299,1.7608926
515324,1.6740334
393993,2.3840737
560723,2.5255983
629626,2.7844524
101623,2.510021
436522,2.326497
432058,1.719713
404293,2.3492079
756856,2.0029542
346118,2.2356331
230347,1.6187599
511897,1.9908713
687505,1.7709647
687665,2.0307264
867583,1.3684211
644420,2.417924
182394,2.1769404
859675,2.2238958
799981,2.4238749
720872,1.9424067
492608,2.6078568
848536,2.2468364
817582,1.9293396
850899,2.181292
568742,2.1973448
280990,2.9864573
414690,1.9680302
462530,1.8807397
872906,2.5821455
240664,1.6734915
231875,1.7033014
854938,2.129444
561269,2.0620127
920715,2.5347936
684111,1.8308642
415063,1.7858273
988382,2.2201896
750964,2.558015
218738,2.149074
697033,1.9385208
728198,1.6061292
428712,2.2826762
600512,1.9993415
948961,2.2068598
567859,2.0824542
783584,2.663653
542542,1.7456493
511202,1.9676089
885458,2.3430564
665312,2.4999225
138983,2.158831
367110,2.102483
633274,2.757241
636026,2.716152
775251,2.5279772
309074,2.8124056
127600,2.4729197
590921,2.5839498
311288,2.0284014
268749,2.5471625
582194,2.2684891
889885,2.1078315
146080,1.934135
345357,1.9156616
324345,2.4546306
591204,1.9404024
109044,1.5877454
984051,2.1508954
618198,2.1775188
248674,1.8312935
714501,1.9211606
242886,2.2012172
716351,2.4351828
343876,1.7641691
294327,1.998698
856900,2.453932
553557,2.0313756
244121,1.7008009
287962,2.3836188
766077,2.328027
188343,2.5230243
648168,1.9724411
800622,2.0753143
722399,1.7105541
991576,1.9180169
755285,2.1224635
502137,2.1433513
806407,1.9267685
346775,2.6201582
728375,2.317391
196901,2.013834
799161,2.0182784
450993,2.1099238
983507,2.8917685
954686,1.8381047
422946,2.175334
265547,2.9462562
957277,2.2977889
441467,2.346046
380804,1.6982778
550492,2.3601475
330162,2.4177012
144127,1.4308354
132439,2.231897
194773,2.248137
611079,1.687078
324341,1.8375382
305544,1.9433633
142177,2.2626302
698137,2.721481
109691,1.6995009
366206,2.176487
759950,2.5863438
418071,1.9571081
670503,2.1235242
626765,2.159853
520967,2.336029
203874,2.0323315
454813,1.7609655
763215,1.0242407
802293,1.6748706
185716,1.7812974
424764,1.6843239
712028,1.677083
452959,1.8685749
914883,1.8885213
516512,1.825195
634967,2.2949893
970111,2.2511032
748945,2.1903057
672133,1.6551337
945428,2.0068166
740692,2.2590258
561455,1.786879
207211,2.0843065
990564,1.8041219
225385,2.071206
945453,2.1185799
777468,2.681145
788144,2.357237
783216,2.0535603
877084,1.8894006
262138,1.9549685
585246,1.7415291
226728,2.0060031
163161,1.7167765
961070,2.4055343
750993,2.2898233
161587,2.4125175
600418,2.0557082
185811,2.2427366
982377,2.7889771
790448,2.3868604
367282,2.7284591
329512,1.9755844
421925,2.2519116
445180,1.8018104
371225,1.7067186
865628,1.7633508
227594,1.383634
531582,2.7809107
469506,2.4791498
880390,2.2758038
265589,1.818661
175901,2.4839103
401870,2.5698187
580257,1.9330238
329455,2.5680966
647131,1.9872037
432887,2.2246213
158528,2.3242204
298057,2.1562216
116294,2.176564
420755,1.9298347
402686,2.187813
101606,2.152426
524161,2.6269755
611481,1.704512
796498,2.2867217
915931,2.215455
684217,1.799623
423487,2.440235
151125,1.9822668
306414,2.0553355
255232,1.9183254
177611,2.6474996
785972,2.4241648
756178,1.7745186
956482,1.763379
933780,2.002734
326540,2.76082
868389,2.2491534
208941,2.3691812
412778,1.8615917
898664,2.251726
440062,2.0609555
984446,2.5947063
487500,1.5906459
720189,2.2197006
568861,2.7865865
651681,2.4967127
257791,2.1575532
782142,2.425266
480665,2.689084
548993,2.4775083
464367,1.6108509
622046,2.0121076
316120,2.1671507
427252,2.202898
607901,2.4661367
604652,2.3604488
853416,2.2171688
155328,1.8583251
593628,2.0911517
507704,2.0800745
148441,2.7030482
663089,1.7682481
820930,2.2975197
774214,1.8005799
385806,1.914373
566061,1.7699475
266128,2.4016857
637979,1.916886
614013,2.057109
294544,2.4417486
904618,1.8704062
259258,2.5222108
448261,1.9258583
602366,1.9733026
525870,1.8589623
698074,2.0309327
773848,2.447989
656760,2.6988084
420658,2.0899148
732406,2.1057065
970089,2.3340466
859049,2.1848004
282079,2.0670755
619939,1.8821224
373463,2.2411292
259459,2.1066
584894,2.1155498
948876,1.9616419
399601,2.3682532
387136,1.9140383
484024,1.8982319
372033,1.8114356
285530,1.9988159
955464,2.0520515
448365,2.2562191
410140,2.2579336
951620,2.1575153
364183,1.8965788
361151,1.949913
424517,1.7281623
960845,2.0212066
829432,1.9190563
786676,2.24392
750526,2.427913
117149,2.4511552
692377,2.415963
128445,2.045229
206021,2.392154
345412,2.1706965
193772,2.1031992
635627,2.4225264
483355,1.7813823
796185,2.3621476
639250,1.8051765
591975,2.1236405
195540,1.0975851
273421,1.7291082
184126,2.9396126
533542,1.9651737
450080,2.2913082
370849,2.0142727
520281,2.9637449
468568,1.9021473
628459,2.166886
532345,2.0586586
718496,1.8291916
742649,2.0042317
384262,1.9155848
714432,2.211536
899819,2.0379982
926376,2.324024
582172,2.010762
896969,2.04738
929526,2.3565814
606693,2.761277
442147,2.4205077
911160,2.0307798
675610,2.025383
330263,2.5357127
625560,1.6343831
217693,2.0909338
527664,1.9262587
599257,2.5393713
863727,2.4365382
730328,2.1104727
964707,1.8154312
350079,2.5131414
440784,2.4903114
162920,2.4318702
826947,2.2043169
810164,1.8529507
958909,1.9401377
665487,1.9303358
468169,2.8671286
662277,2.0699718
211605,1.998403
640102,1.8432109
407782,2.1575968
448565,2.4551058
855623,3.05425
643198,1.9164121
724362,1.5173233
599422,1.454215
220814,1.9476492
304506,1.5950379
207983,2.2229369
809224,2.4715116
920201,2.1329784
922902,2.1237526
479166,2.0144851
339336,1.9542278
651293,1.5421574
759569,1.521563
128521,2.3414133
779275,2.455151
653814,2.390558
176922,2.4116821
670397,1.4046425
734457,2.2534082
331097,2.0283468
637534,2.0574696
404065,1.7053319
780707,2.1564734
279437,2.3840165
706239,2.3734848
373489,1.921016
413929,2.245718
861864,2.7024868
830371,1.8766931
714019,2.5594761
337813,2.082134
791665,2.432233
182986,2.1419675
528437,1.2112603
934927,1.6779734
849088,1.636793
184723,1.8874784
665025,2.670203
124262,1.9226905
620832,1.3968012
389510,2.4578712
833989,2.4683821
879545,2.4425297
706804,1.739815
819633,1.866704
434042,2.0740247
925798,1.9614686
150943,2.469934
444095,1.8376898
667066,2.0959384
745035,2.20466
803596,2.3934672
780533,1.7191646
858914,2.8740268
761623,1.6239257
385805,2.0928855
764643,2.0113504
353744,1.9759384
975867,1.208869
261558,2.0956964
140335,1.9019561
301261,1.8261174
468496,1.8834281
473717,2.665653
682461,1.7307607
350748,2.1909323
133198,1.5323573
764341,2.1577344
839544,2.39737
283270,2.0164547
712658,2.457771
171773,2.043932
592267,1.7322361
269822,2.2641933
722185,2.8421085
779951,2.271086
242977,2.297274
416812,1.7340696
912454,2.1543064
118127,1.7380753
928854,2.0863225
379023,2.0816293
996850,1.9441384
340024,1.7016984
673717,2.8705323
841358,2.1344926
491986,2.3789434
845958,2.786963
409072,1.8125832
764939,2.7019804
443159,1.9202443
540566,2.3274863
106402,2.2567728
178212,2.1110468
876917,2.7468376
568849,2.6267605
923485,1.8139932
284450,1.7275128
400953,2.1310835
215133,2.5158134
371419,2.3200834
674109,2.3677845
225758,1.9855121
401126,2.2861407
476314,2.0196686
862809,2.8244872
227015,1.7539843
553980,2.2717483
294683,1.7689255
617573,1.7510577
898009,2.1798894
963224,2.2671683
749850,1.9783995
644762,1.6551735
708861,2.6949372
203232,2.6959152
649198,1.4058843
164343,1.4499881
668427,2.0333939
545166,2.1941683
468983,1.9303286
109692,2.214487
488441,2.4351013
628145,2.7176552
155265,1.6783904
797758,1.8814706
342001,2.624404
392077,2.6410713
861009,2.364128
910492,2.04795
975345,1.7214568
615180,2.0232391
143067,2.1432292
797707,2.2065146
346219,2.1733956
562103,2.4822598
923213,2.6107903
146658,1.8934681
109344,2.3836608
100913,2.444056
444074,1.7631778
983579,2.5004332
766501,1.8209403
634158,1.7886919
600191,2.3051453
351885,2.248618
179146,1.4277647
912160,2.4947908
470889,1.9513506
236971,2.1654785
346141,2.2652016
257464,1.9235524
454492,1.804202
699066,2.0446317
925456,2.1426775
186357,2.1836789
198836,2.5253854
144473,1.5726973
177460,2.3252437
127027,2.7153902
694195,1.8861637
562344,2.2376864
314472,2.575623
788744,2.3373935
259824,2.47437
805347,1.5694228
181642,2.2945359
690538,2.2253938
946825,2.289834
521180,1.8987777
929600,2.2874968
834586,1.9367764
710228,1.2951175
723485,2.3159375
473977,1.4559114
509558,2.5875356
559602,2.4694195
719466,1.4575841
730599,2.7133832
104843,1.9821925
367003,2.2179103
414453,2.0203803
313696,2.4883912
100654,2.3324788
646101,2.5226858
209781,2.2825391
626557,2.212078
181972,2.334591
785273,2.7334821
534317,2.1405377
258069,2.42621
232074,1.8266451
530175,2.3217962
509519,2.1046348
860704,3.185344
266971,1.875033
240766,2.273307
939464,1.9727881
534621,2.5275445
273232,1.3843732
357469,2.2898583
877039,1.8877531
937001,2.4394855
493666,2.2736454
126763,1.9162426
584004,2.2959898
324869,2.4261203
457596,1.5765238
132571,1.6533865
122204,2.4209676
622960,2.2301102
711579,2.4039981
700548,2.3081326
319713,1.9399648
785248,1.9017595
758329,1.9861692
391294,1.9902905
938137,2.0525048
690615,2.1287067
688043,1.7004181
587834,2.2194364
112132,2.2024071
701980,2.3763645
260559,1.3368107
332112,2.5712898
606200,2.3980875
542679,1.767977
363379,2.1624238
944717,2.1369221
723364,2.6304882
993181,2.5310545
558103,2.4026728
417493,2.4472039
707971,2.5454087
732705,2.8174138
274683,2.6074607
675725,2.0440567
616805,1.8749607
299874,2.392992
848935,2.149887
291427,1.9904382
742404,2.5892558
869491,2.2587047
680726,1.6682292
329962,1.8361347
603504,1.9908383
788338,1.9942703
531862,2.2116115
997138,2.4387598
269477,1.8973382
257170,1.9014913
800988,2.1824064
611447,1.9151789
395676,1.6726367
740158,1.600751
377409,1.8143857
601487,1.9223801
977459,2.424639
312458,2.36351
636933,2.2210557
766521,2.4891918
238900,2.006326
694261,1.6672214
868084,2.7497232
167793,2.3232973
485527,2.5547824
906419,1.6282662
997813,2.3272998
964637,2.6161942
714524,1.8819301
909312,1.5724031
958715,2.3783288
734771,2.8008676
837553,2.1455722
863661,1.9971482
546885,2.2855563
318959,2.276474
356570,1.8838059
667140,1.9732141
602902,2.692804
832431,1.8047374
947741,2.0646431
590695,2.0271146
927295,2.4645913
686598,1.9419448
670690,1.9830009
741657,2.0338726
995644,1.7911677
157678,1.9640383
920644,1.4636428
213525,2.128413
581462,1.8962604
277814,1.8619637
721288,2.2076883
390192,3.2356865
347760,2.5520716
324484,2.17186
662371,2.1128726
585195,2.0694726
345455,2.817071
138458,1.7813989
312032,2.1739821
314563,2.1855652
648006,2.25327
500147,1.3507607
615593,2.5491405
726289,2.2023294
440800,2.3170743
247981,2.353075
164359,2.252255
988724,2.1651607
897793,2.3425655
